year,source_country_region,dest_country_region,s2d_d2s_ratio,yoy_change
2020,Algeria,France,6.20696325,
2021,Algeria,France,5.427549195,-0.125570915
2022,Algeria,France,5.537984496,0.020347176
2020,Argentina,Brazil,1.325443787,
2021,Argentina,Brazil,1.668335419,0.25869949
2022,Argentina,Brazil,0.925461741,-0.445278371
2021,Argentina,Chile,1.833009709,
2022,Argentina,Chile,1.351877608,-0.262482025
2022,Argentina,Colombia,1.070496084,
2022,Argentina,Italy,3.564917127,
2022,Argentina,Mexico,1.706467662,
2019,Argentina,Spain,5.071705426,
2020,Argentina,Spain,3.250116225,-0.359166996
2021,Argentina,Spain,4.832330181,0.486817654
2022,Argentina,Spain,3.489238411,-0.277938742
2019,Argentina,United States,1.776896942,
2020,Argentina,United States,1.46448468,-0.175819011
2021,Argentina,United States,2.171559035,0.482814443
2022,Argentina,United States,1.642008432,-0.243857336
2021,Argentina,Uruguay,1.72541744,
2022,Argentina,Uruguay,1.459183673,-0.154301075
2022,Argentina,Venezuela,0.526506899,
2020,Australia,Brazil,0.647749511,
2021,Australia,Brazil,0.685499058,0.058278003
2022,Australia,Brazil,0.24,-0.64989011
2019,Australia,Canada,0.687939934,
2020,Australia,Canada,1.053805774,0.531828175
2021,Australia,Canada,1.116925065,0.059896512
2022,Australia,Canada,0.923141537,-0.17349734
2019,Australia,China,0.294117647,
2020,Australia,China,1.192694547,3.055161461
2021,Australia,China,1.062966916,-0.108768529
2022,Australia,China,0.431979128,-0.593609997
2019,Australia,France,0.979905437,
2020,Australia,France,1.543028686,0.574671011
2021,Australia,France,1.540322581,-0.001753762
2022,Australia,France,0.656035022,-0.574092447
2019,Australia,Germany,1.281561462,
2020,Australia,Germany,1.661106234,0.296158072
2021,Australia,Germany,1.42765685,-0.140538503
2022,Australia,Germany,0.785764131,-0.449612748
2019,Australia,India,0.179161907,
2020,Australia,India,0.315987878,0.763700125
2021,Australia,India,0.521077792,0.649043614
2022,Australia,India,0.241909485,-0.535751688
2019,Australia,Indonesia,0.858050847,
2020,Australia,Indonesia,1.024460432,0.193939071
2021,Australia,Indonesia,1.280936455,0.250352298
2022,Australia,Indonesia,0.439889452,-0.656587608
2020,Australia,Ireland,1.354185833,
2021,Australia,Ireland,1.236391913,-0.086985048
2022,Australia,Ireland,0.459173871,-0.628617863
2019,Australia,Italy,0.910067114,
2020,Australia,Italy,1.511254019,0.660596231
2020,Australia,Japan,1.274368231,
2022,Australia,Japan,0.773631841,
2019,Australia,Malaysia,0.510344828,
2020,Australia,Malaysia,1.473533619,1.887329389
2021,Australia,Malaysia,1.566440349,0.063050295
2022,Australia,Malaysia,0.49306711,-0.685230842
2020,Australia,Netherlands,1.586394558,
2021,Australia,Netherlands,1.272072072,-0.198136387
2022,Australia,Netherlands,0.8125,-0.361278329
2019,Australia,New Zealand,0.635675939,
2020,Australia,New Zealand,1.091000503,0.716284092
2021,Australia,New Zealand,0.822301426,-0.24628685
2022,Australia,New Zealand,0.498690836,-0.393542538
2021,Australia,Pakistan,0.470860315,
2020,Australia,Philippines,0.381416838,
2021,Australia,Philippines,0.486244842,0.274838428
2022,Australia,Philippines,0.2509782,-0.483843984
2022,Australia,Saudi Arabia,0.940514469,
2019,Australia,Singapore,0.363498483,
2020,Australia,Singapore,0.788401795,1.16892733
2021,Australia,Singapore,0.68694362,-0.128688412
2022,Australia,Singapore,0.546213292,-0.204864452
2019,Australia,Spain,0.873015873,
2020,Australia,Spain,1.48625,0.702431818
2022,Australia,Spain,0.588837209,
2020,Australia,Thailand,0.880952381,
2020,Australia,United Arab Emirates,0.403736378,
2021,Australia,United Arab Emirates,0.596818811,0.478238879
2022,Australia,United Arab Emirates,0.502822201,-0.157496057
2019,Australia,United Kingdom,0.552881759,
2020,Australia,United Kingdom,0.836226415,0.512486896
2021,Australia,United Kingdom,0.707228036,-0.154262502
2022,Australia,United Kingdom,0.776386224,0.097787678
2019,Australia,United States,1.002895194,
2020,Australia,United States,0.853508772,-0.148955168
2021,Australia,United States,1.106452165,0.29635711
2022,Australia,United States,1.036513362,-0.063209965
2019,Austria,Germany,0.878145219,
2020,Austria,Germany,0.810929214,-0.076543155
2021,Austria,Germany,0.797453431,-0.016617706
2022,Austria,Germany,0.770378151,-0.033952176
2022,Austria,Italy,0.541125541,
2022,Austria,Netherlands,0.905383361,
2022,Austria,Spain,0.852614897,
2020,Austria,Switzerland,1.403508772,
2021,Austria,Switzerland,1.553956835,0.107194245
2022,Austria,Switzerland,1.840867993,0.184632643
2020,Austria,United Kingdom,0.592788039,
2021,Austria,United Kingdom,0.6504329,0.097243632
2022,Austria,United Kingdom,0.809907834,0.24518276
2019,Austria,United States,0.920895522,
2020,Austria,United States,0.569387755,-0.381702114
2021,Austria,United States,0.786746988,0.381742022
2022,Austria,United States,0.978823529,0.244140168
2020,Bahrain,India,0.890354493,
2021,Bahrain,India,0.828976848,-0.068936188
2022,Bahrain,India,0.623883929,-0.247404883
2020,Bahrain,United Arab Emirates,1.109615385,
2021,Bahrain,United Arab Emirates,1.064421669,-0.040729172
2022,Bahrain,United Arab Emirates,1.160337553,0.090110796
2022,Bangladesh,India,1.034734918,
2020,Bangladesh,United States,1.390943878,
2021,Bangladesh,United States,2.476882431,0.78072061
2022,Bangladesh,United States,4.783719548,0.931347039
2019,Belgium,France,0.910299943,
2020,Belgium,France,0.886844166,-0.025767087
2021,Belgium,France,0.852499486,-0.038726849
2022,Belgium,France,0.8386,-0.016304392
2019,Belgium,Germany,1.043898156,
2020,Belgium,Germany,1.112526539,0.065742412
2021,Belgium,Germany,1.148804934,0.032609016
2022,Belgium,Germany,0.986027944,-0.141692454
2019,Belgium,India,0.417642467,
2020,Belgium,India,0.552907531,0.323877658
2021,Belgium,India,0.555662188,0.00498213
2022,Belgium,India,0.393671818,-0.291526712
2019,Belgium,Italy,0.453568688,
2020,Belgium,Italy,0.621079046,0.369316409
2021,Belgium,Italy,0.622147651,0.001720561
2022,Belgium,Italy,0.499725426,-0.196773588
2020,Belgium,Luxembourg,2.0256917,
2021,Belgium,Luxembourg,1.466076696,-0.276258724
2022,Belgium,Luxembourg,1.654624277,0.128606902
2020,Belgium,Netherlands,1.037997808,
2021,Belgium,Netherlands,0.978581979,-0.057240803
2022,Belgium,Netherlands,0.904390244,-0.075815555
2022,Belgium,Portugal,0.753867792,
2019,Belgium,Spain,0.881463803,
2020,Belgium,Spain,0.817370613,-0.07271222
2021,Belgium,Spain,0.913103448,0.117122923
2022,Belgium,Spain,0.857142857,-0.061286146
2019,Belgium,United Kingdom,0.698683191,
2020,Belgium,United Kingdom,0.826189355,0.182494963
2021,Belgium,United Kingdom,0.817253121,-0.010816205
2022,Belgium,United Kingdom,0.941097724,0.151537632
2019,Belgium,United States,1.069955157,
2020,Belgium,United States,0.797945205,-0.254225562
2021,Belgium,United States,0.992862807,0.244274419
2022,Belgium,United States,1.192340426,0.200911563
2020,Brazil,Argentina,0.754464286,
2021,Brazil,Argentina,0.59939985,-0.205529193
2022,Brazil,Argentina,1.080541696,0.802705984
2020,Brazil,Australia,1.543806647,
2021,Brazil,Australia,1.458791209,-0.055068708
2022,Brazil,Australia,4.166666667,1.856246077
2019,Brazil,Canada,5.856877323,
2020,Brazil,Canada,1.940166205,-0.668737094
2021,Brazil,Canada,2.570601852,0.32493899
2022,Brazil,Canada,3.27865512,0.275442604
2020,Brazil,France,1.747826087,
2021,Brazil,France,1.646864686,-0.057763985
2022,Brazil,France,1.793157076,0.08883085
2020,Brazil,Germany,2.362459547,
2021,Brazil,Germany,2.189333333,-0.073282192
2022,Brazil,Germany,2.398606811,0.095587764
2020,Brazil,Ireland,1.570780856,
2021,Brazil,Ireland,1.441860465,-0.082074078
2022,Brazil,Ireland,3.313293253,1.297929192
2020,Brazil,Italy,2.048578199,
2021,Brazil,Italy,2.077777778,0.014253583
2022,Brazil,Italy,2.536263736,0.220661691
2020,Brazil,Mexico,1.234767025,
2021,Brazil,Mexico,1.420634921,0.150528717
2022,Brazil,Mexico,1.269306931,-0.106521378
2022,Brazil,Netherlands,2.501592357,
2020,Brazil,Portugal,2.371013803,
2021,Brazil,Portugal,2.57731459,0.087009526
2022,Brazil,Portugal,3.687510478,0.43075684
2020,Brazil,Spain,1.891213389,
2021,Brazil,Spain,1.803103783,-0.046588929
2022,Brazil,Spain,2.037420382,0.12995181
2020,Brazil,United Kingdom,1.997501562,
2021,Brazil,United Kingdom,1.716666667,-0.140593079
2022,Brazil,United Kingdom,1.747469066,0.017943145
2019,Brazil,United States,3.288447653,
2020,Brazil,United States,0.912849494,-0.722407169
2021,Brazil,United States,0.963199105,0.05515653
2022,Brazil,United States,1.607464299,0.668880598
2019,Canada,Australia,1.45361528,
2020,Canada,Australia,0.948941469,-0.347185268
2021,Canada,Australia,0.895315211,-0.056511661
2022,Canada,Australia,1.083257507,0.209917461
2019,Canada,Brazil,0.170739448,
2020,Canada,Brazil,0.51541976,2.018750305
2021,Canada,Brazil,0.389013958,-0.245248266
2022,Canada,Brazil,0.305003108,-0.215958447
2020,Canada,China,0.714215926,
2021,Canada,China,0.565802429,-0.207799199
2022,Canada,China,0.479336438,-0.152820113
2021,Canada,Colombia,0.185650888,
2022,Canada,Colombia,0.21111691,0.137171564
2019,Canada,France,0.827546562,
2020,Canada,France,0.99940688,0.207674499
2021,Canada,France,0.687252573,-0.312339562
2022,Canada,France,0.463658001,-0.325345559
2019,Canada,Germany,1.404283802,
2020,Canada,Germany,1.316360601,-0.062610706
2021,Canada,Germany,1.046759639,-0.204807833
2022,Canada,Germany,0.760041732,-0.273909976
2019,Canada,India,0.119867166,
2020,Canada,India,0.153067838,0.276978873
2021,Canada,India,0.139255437,-0.090237123
2022,Canada,India,0.11711491,-0.158992186
2020,Canada,Ireland,1.091778203,
2021,Canada,Ireland,0.836312324,-0.233990639
2022,Canada,Ireland,0.525279404,-0.371910004
2022,Canada,Italy,0.522044088,
2020,Canada,Japan,1.226618705,
2021,Canada,Japan,0.927492447,-0.243862462
2022,Canada,Japan,0.917721519,-0.010534779
2019,Canada,Mexico,0.481861199,
2020,Canada,Mexico,0.594623656,0.234014396
2021,Canada,Mexico,0.357750647,-0.398357862
2022,Canada,Mexico,0.348610781,-0.025548147
2020,Canada,Netherlands,1.202321725,
2021,Canada,Netherlands,1.122641509,-0.066271958
2022,Canada,Netherlands,0.980163361,-0.126913309
2020,Canada,New Zealand,1.119426752,
2021,Canada,Nigeria,0.13663469,
2022,Canada,Nigeria,0.14514646,0.062295818
2021,Canada,Pakistan,0.271336951,
2022,Canada,Pakistan,0.225446429,-0.169127435
2022,Canada,Philippines,0.124280393,
2022,Canada,Poland,0.282816901,
2020,Canada,Saudi Arabia,0.644836272,
2021,Canada,Saudi Arabia,0.554578755,-0.139969666
2022,Canada,Saudi Arabia,0.487452949,-0.121039267
2021,Canada,Singapore,0.381060606,
2022,Canada,Singapore,0.378992629,-0.005426898
2019,Canada,Spain,1.178988327,
2020,Canada,Spain,1.163584637,-0.013065176
2021,Canada,Spain,0.984764543,-0.15368035
2022,Canada,Spain,0.859845228,-0.126851963
2021,Canada,Switzerland,1.267686424,
2022,Canada,Switzerland,1.172529313,-0.075063604
2022,Canada,Turkey,0.335762877,
2022,Canada,Ukraine,0.111496914,
2020,Canada,United Arab Emirates,0.290118577,
2021,Canada,United Arab Emirates,0.357288597,0.231526089
2022,Canada,United Arab Emirates,0.366377108,0.025437451
2019,Canada,United Kingdom,0.684047176,
2020,Canada,United Kingdom,0.818744626,0.196912516
2021,Canada,United Kingdom,0.962328767,0.175371094
2022,Canada,United Kingdom,0.908747743,-0.055678502
2019,Canada,United States,1.423070512,
2020,Canada,United States,0.88445977,-0.378484929
2021,Canada,United States,1.038442177,0.174097694
2022,Canada,United States,1.337527075,0.28801305
2021,Chile,Argentina,0.545550847,
2022,Chile,Argentina,0.739711934,0.355899157
2021,Chile,Colombia,0.737463127,
2022,Chile,Peru,0.766214178,
2020,Chile,Spain,1.887605042,
2021,Chile,Spain,2.80783818,0.487513604
2022,Chile,Spain,2.398963731,-0.145618951
2019,Chile,United States,1.792857143,
2020,Chile,United States,1.07828089,-0.398568428
2021,Chile,United States,1.969043152,0.826094823
2022,Chile,United States,1.853313477,-0.058774575
2022,Chile,Venezuela,0.359634077,
2019,China,Australia,3.4,
2020,China,Australia,0.838437639,-0.753400694
2021,China,Australia,0.940763052,0.122042963
2022,China,Australia,2.314926661,1.460690453
2020,China,Canada,1.400136799,
2021,China,Canada,1.767401392,0.262306221
2022,China,Canada,2.086217365,0.180386852
2019,China,France,2.555926544,
2020,China,France,1.180918728,-0.53796844
2021,China,France,1.537698413,0.302120439
2022,China,France,1.974025974,0.283753666
2020,China,Germany,1.637788779,
2021,China,Germany,1.682395644,0.027236031
2022,China,Germany,1.384283247,-0.177195179
2020,China,Japan,1.054288817,
2021,China,Japan,0.811676083,-0.230119802
2022,China,Japan,0.475665748,-0.413970969
2020,China,Singapore,1.256448047,
2021,China,Singapore,1.243984331,-0.009919802
2022,China,Singapore,1.275702734,0.025497429
2019,China,United Kingdom,1.937732342,
2020,China,United Kingdom,0.810711665,-0.581618344
2021,China,United Kingdom,1.347952273,0.662677782
2022,China,United Kingdom,1.87248062,0.389129762
2019,China,United States,3.635569335,
2020,China,United States,0.814444102,-0.775978938
2021,China,United States,1.043172691,0.280840131
2022,China,United States,0.92312253,-0.115081771
2022,Colombia,Argentina,0.934146341,
2021,Colombia,Canada,5.386454183,
2022,Colombia,Canada,4.73671199,-0.120625215
2021,Colombia,Chile,1.356,
2020,Colombia,Mexico,1.515277778,
2021,Colombia,Mexico,1.931707317,0.274820594
2022,Colombia,Mexico,1.807962529,-0.064059802
2020,Colombia,Spain,1.985748219,
2021,Colombia,Spain,2.759861592,0.389834605
2022,Colombia,Spain,3.498324022,0.26757227
2019,Colombia,United States,3.361553785,
2020,Colombia,United States,1.259553653,-0.625306113
2021,Colombia,United States,1.943893366,0.543319224
2022,Colombia,United States,2.169763938,0.116194939
2021,Colombia,Venezuela,0.328364566,
2022,Colombia,Venezuela,0.896353167,1.729749982
2020,Costa Rica,United States,1.166287016,
2021,Costa Rica,United States,1.307529162,0.121104106
2022,Costa Rica,United States,1.454202077,0.112175636
2020,Cyprus,Turkey,0.591274397,
2021,Cyprus,Turkey,0.723156533,0.223047263
2022,Cyprus,Turkey,0.535211268,-0.259895689
2020,Cyprus,United Kingdom,0.501063076,
2021,Cyprus,United Kingdom,0.610646388,0.218701631
2022,Cyprus,United Kingdom,0.793487575,0.299422367
2019,Denmark,Germany,0.971078002,
2020,Denmark,Germany,0.917360666,-0.05531722
2021,Denmark,Germany,0.893767705,-0.025718304
2022,Denmark,Germany,0.754617414,-0.155689549
2020,Denmark,Netherlands,0.998220641,
2022,Denmark,Netherlands,0.849315068,
2019,Denmark,Norway,1.113345521,
2020,Denmark,Norway,1.137883008,0.022039418
2021,Denmark,Norway,1.31542461,0.156027993
2022,Denmark,Norway,1.078101072,-0.180415918
2019,Denmark,Spain,0.944444444,
2020,Denmark,Spain,0.664359862,-0.296560147
2021,Denmark,Spain,0.657657658,-0.010088213
2022,Denmark,Spain,0.686626747,0.044048889
2020,Denmark,Sweden,0.979474548,
2021,Denmark,Sweden,0.871100164,-0.110645432
2022,Denmark,Sweden,0.751287712,-0.137541534
2019,Denmark,United Kingdom,0.646398503,
2020,Denmark,United Kingdom,0.659939455,0.020948303
2021,Denmark,United Kingdom,0.606936416,-0.080315002
2022,Denmark,United Kingdom,0.762996942,0.257128295
2019,Denmark,United States,0.932444444,
2020,Denmark,United States,0.636174636,-0.317734542
2021,Denmark,United States,0.561403509,-0.117532393
2022,Denmark,United States,0.990369181,0.764095104
2020,Ecuador,Spain,1.358695652,
2021,Ecuador,Spain,1.942122186,0.429401929
2022,Ecuador,Spain,2.224489796,0.145391269
2020,Ecuador,United States,1.176007866,
2021,Ecuador,United States,1.762711864,0.49889462
2022,Ecuador,United States,1.992079208,0.130121858
2019,Egypt,Saudi Arabia,1.470350404,
2020,Egypt,Saudi Arabia,0.812085308,-0.447692669
2021,Egypt,Saudi Arabia,1.03055342,0.269021136
2022,Egypt,Saudi Arabia,1.908411665,0.851831868
2019,Egypt,United Arab Emirates,1.676300578,
2020,Egypt,United Arab Emirates,1.238593432,-0.261114953
2021,Egypt,United Arab Emirates,1.618831943,0.30699219
2022,Egypt,United Arab Emirates,2.266346882,0.399988981
2020,Egypt,United Kingdom,1.327338129,
2021,Egypt,United Kingdom,1.632850242,0.230169017
2022,Egypt,United Kingdom,1.929012346,0.181377383
2020,Egypt,United States,1.180842912,
2021,Egypt,United States,1.319268636,0.117226197
2022,Egypt,United States,1.658144631,0.256866559
2020,Finland,Germany,0.964941569,
2021,Finland,Germany,0.864321608,-0.104275704
2022,Finland,Germany,1.145648313,0.325488455
2019,Finland,India,0.841194969,
2020,Finland,India,1.064285714,0.265206943
2020,Finland,Sweden,0.915052161,
2021,Finland,Sweden,0.90922619,-0.006366818
2022,Finland,Sweden,1.122807018,0.234903954
2020,Finland,United Kingdom,0.584258325,
2022,Finland,United Kingdom,0.820967742,
2019,Finland,United States,1.108626198,
2020,Finland,United States,0.772903226,-0.302827926
2021,Finland,United States,0.785602504,0.016430619
2022,Finland,United States,1.089285714,0.386560899
2020,France,Algeria,0.16110938,
2021,France,Algeria,0.184245221,0.143603315
2022,France,Algeria,0.180571109,-0.019941425
2019,France,Australia,1.020506634,
2020,France,Australia,0.648076092,-0.364946714
2021,France,Australia,0.64921466,0.001756843
2022,France,Australia,1.524308866,1.347927366
2019,France,Belgium,1.098539012,
2020,France,Belgium,1.127593819,0.02644859
2021,France,Belgium,1.173021236,0.040287039
2022,France,Belgium,1.19246363,0.016574631
2020,France,Brazil,0.572139303,
2021,France,Brazil,0.607214429,0.061305219
2022,France,Brazil,0.557675629,-0.0815837
2019,France,Canada,1.20839122,
2020,France,Canada,1.000593472,-0.171962312
2021,France,Canada,1.455069124,0.454206094
2022,France,Canada,2.156762093,0.482240298
2019,France,China,0.391247551,
2020,France,China,0.846798324,1.164354315
2021,France,China,0.650322581,-0.232021885
2022,France,China,0.506578947,-0.221034357
2019,France,Germany,1.163486186,
2020,France,Germany,1.27029438,0.091800139
2021,France,Germany,1.26060464,-0.007627948
2022,France,Germany,1.243773419,-0.013351705
2019,France,India,0.3454039,
2020,France,India,0.550016841,0.592387466
2021,France,India,0.526261937,-0.043189411
2022,France,India,0.463460337,-0.11933525
2020,France,Ireland,0.828810021,
2021,France,Ireland,0.925614035,0.116798798
2022,France,Ireland,1.236376504,0.335736557
2019,France,Italy,0.651592357,
2020,France,Italy,0.784251585,0.203592363
2021,France,Italy,0.836330467,0.066405836
2022,France,Italy,0.739917157,-0.115281355
2020,France,Japan,0.882418813,
2021,France,Japan,0.82422452,-0.065948609
2022,France,Japan,1.444625407,0.752708603
2019,France,Luxembourg,1.673020528,
2020,France,Luxembourg,2.282089552,0.364053527
2021,France,Luxembourg,1.823869611,-0.200789641
2022,France,Luxembourg,1.84092901,0.009353409
2019,France,Mexico,0.549753695,
2020,France,Mexico,0.683076923,0.242514475
2021,France,Mexico,0.735955056,0.077411681
2022,France,Mexico,0.826996198,0.123704757
2019,France,Morocco,0.084419263,
2020,France,Morocco,0.220373994,1.61047047
2021,France,Morocco,0.272458279,0.236344968
2022,France,Morocco,0.276700111,0.015568741
2020,France,Netherlands,1.285864979,
2021,France,Netherlands,1.296924708,0.008601004
2022,France,Netherlands,1.289893617,-0.005421357
2020,France,Poland,0.983193277,
2021,France,Poland,1.033925687,0.05159963
2022,France,Poland,0.742888403,-0.281487623
2020,France,Portugal,1.176313446,
2021,France,Portugal,1.140822785,-0.030171092
2022,France,Portugal,1.081619938,-0.051894867
2020,France,Singapore,0.666112957,
2021,France,Singapore,0.638599811,-0.041304025
2022,France,Singapore,1.180368098,0.848369007
2019,France,Spain,1.073807157,
2020,France,Spain,0.983945346,-0.083685241
2021,France,Spain,1.056137725,0.073370314
2022,France,Spain,1.103677222,0.045012593
2020,France,Sweden,1.18315508,
2021,France,Sweden,1.411140584,0.192692832
2022,France,Sweden,1.392592593,-0.013143971
2019,France,Switzerland,1.610887637,
2020,France,Switzerland,1.879363253,0.166663155
2021,France,Switzerland,2.086314938,0.11011798
2022,France,Switzerland,2.227555556,0.067698608
2020,France,Tunisia,0.228285306,
2021,France,Tunisia,0.259455873,0.136542153
2022,France,Tunisia,0.219879518,-0.152535975
2022,France,Turkey,0.578813559,
2020,France,United Arab Emirates,0.844413982,
2021,France,United Arab Emirates,1.263260026,0.496019787
2022,France,United Arab Emirates,1.50483559,0.19123186
2019,France,United Kingdom,0.652265227,
2020,France,United Kingdom,0.790757064,0.212324422
2021,France,United Kingdom,0.72918842,-0.077860379
2022,France,United Kingdom,0.972686801,0.333930675
2019,France,United States,1.01478186,
2020,France,United States,0.775608686,-0.235689248
2021,France,United States,0.832221036,0.072990866
2022,France,United States,1.260905463,0.515108858
2019,Germany,Australia,0.780298121,
2020,Germany,Australia,0.602008457,-0.228489162
2021,Germany,Australia,0.70044843,0.163519254
2022,Germany,Australia,1.272646536,0.816902546
2019,Germany,Austria,1.138763815,
2020,Germany,Austria,1.233153256,0.082887636
2021,Germany,Austria,1.253991721,0.01689852
2022,Germany,Austria,1.298063812,0.035145441
2019,Germany,Belgium,0.957947855,
2020,Germany,Belgium,0.898854962,-0.061686963
2021,Germany,Belgium,0.870469799,-0.031579247
2022,Germany,Belgium,1.01417004,0.165083547
2020,Germany,Brazil,0.423287671,
2021,Germany,Brazil,0.456760049,0.079077138
2022,Germany,Brazil,0.41690868,-0.087247929
2019,Germany,Canada,0.712106768,
2020,Germany,Canada,0.75967026,0.066792641
2021,Germany,Canada,0.955329154,0.257557659
2022,Germany,Canada,1.315717227,0.37723969
2020,Germany,China,0.610579345,
2021,Germany,China,0.594390507,-0.026513897
2022,Germany,China,0.722395508,0.215355057
2019,Germany,Denmark,1.029783394,
2020,Germany,Denmark,1.090083799,0.058556397
2021,Germany,Denmark,1.118858954,0.026397196
2022,Germany,Denmark,1.325174825,0.184398463
2020,Germany,Finland,1.03633218,
2021,Germany,Finland,1.156976744,0.116414955
2022,Germany,Finland,0.872868217,-0.245561139
2019,Germany,France,0.859485924,
2020,Germany,France,0.787219101,-0.08408145
2021,Germany,France,0.793270125,0.007686581
2022,Germany,France,0.804004962,0.013532386
2021,Germany,Greece,0.549767442,
2022,Germany,Greece,0.507101086,-0.077608008
2019,Germany,India,0.24880919,
2020,Germany,India,0.319898734,0.285719124
2021,Germany,India,0.274969174,-0.140449322
2022,Germany,India,0.207110011,-0.246788257
2020,Germany,Ireland,0.653693407,
2021,Germany,Ireland,0.647605432,-0.009313196
2022,Germany,Ireland,0.929655172,0.435527137
2019,Germany,Italy,0.568168346,
2020,Germany,Italy,0.604857013,0.064573585
2021,Germany,Italy,0.636016241,0.051515031
2022,Germany,Italy,0.60738052,-0.045023568
2020,Germany,Japan,0.788381743,
2022,Germany,Japan,1.048850575,
2020,Germany,Luxembourg,1.591355599,
2021,Germany,Luxembourg,1.102766798,-0.30702679
2022,Germany,Luxembourg,1.209331652,0.096634079
2019,Germany,Mexico,0.450348432,
2020,Germany,Mexico,0.496855346,0.103268737
2021,Germany,Mexico,0.495350803,-0.003028131
2022,Germany,Mexico,0.609775641,0.230997582
2020,Germany,Netherlands,0.946485623,
2021,Germany,Netherlands,0.949271021,0.002942884
2022,Germany,Netherlands,1.06313926,0.119953351
2019,Germany,Poland,0.559668156,
2020,Germany,Poland,0.690286251,0.233384897
2021,Germany,Poland,0.649023861,-0.059775766
2022,Germany,Poland,0.540199531,-0.167673852
2020,Germany,Portugal,0.872923588,
2021,Germany,Portugal,0.923647146,0.058107673
2022,Germany,Portugal,0.991909385,0.073905105
2020,Germany,Romania,0.407166124,
2021,Germany,Romania,0.474097331,0.164383046
2022,Germany,Romania,0.566666667,0.195253863
2020,Germany,Singapore,0.578708947,
2022,Germany,Singapore,0.683572216,
2019,Germany,Spain,0.879429008,
2020,Germany,Spain,0.712978217,-0.189271436
2021,Germany,Spain,0.81195044,0.138815212
2022,Germany,Spain,0.925650558,0.140033323
2020,Germany,Sweden,1.001328904,
2021,Germany,Sweden,1.089403974,0.087958182
2022,Germany,Sweden,1.115558425,0.024008037
2019,Germany,Switzerland,1.419987738,
2020,Germany,Switzerland,1.616098353,0.13810726
2021,Germany,Switzerland,1.81975245,0.126015905
2022,Germany,Switzerland,2.018816539,0.109390752
2019,Germany,Turkey,0.220406905,
2020,Germany,Turkey,0.359329252,0.630299432
2021,Germany,Turkey,0.288639246,-0.196727668
2022,Germany,Turkey,0.302546348,0.048181604
2022,Germany,Ukraine,0.205784526,
2020,Germany,United Arab Emirates,0.486780715,
2021,Germany,United Arab Emirates,0.624919717,0.283780761
2022,Germany,United Arab Emirates,0.895652174,0.433227579
2019,Germany,United Kingdom,0.531124673,
2020,Germany,United Kingdom,0.632747934,0.191335982
2021,Germany,United Kingdom,0.699019361,0.104735905
2022,Germany,United Kingdom,0.949542596,0.358392411
2019,Germany,United States,0.900906667,
2020,Germany,United States,0.708465021,-0.21360886
2021,Germany,United States,0.881592344,0.244369613
2022,Germany,United States,1.098570724,0.24612099
2020,Ghana,United States,1.552238806,
2021,Ghana,United States,2.159117305,0.390969803
2022,Ghana,United States,2.324847251,0.076758194
2021,Greece,Germany,1.818950931,
2022,Greece,Germany,1.97199341,0.084137772
2020,Greece,Netherlands,1.67,
2021,Greece,Netherlands,2.350574713,0.407529768
2022,Greece,Netherlands,2.665546218,0.133997658
2020,Greece,United Kingdom,1.01039501,
2021,Greece,United Kingdom,0.880272689,-0.128783615
2022,Greece,United Kingdom,0.981355932,0.114831739
2020,Greece,United States,0.90483871,
2021,Greece,United States,1.084487535,0.198542373
2022,Greece,United States,1.306151645,0.204395259
2019,India,Australia,5.581543624,
2020,India,Australia,3.164678363,-0.433010189
2021,India,Australia,1.919099249,-0.393587901
2022,India,Australia,4.13377755,1.154019679
2020,India,Bahrain,1.123148148,
2021,India,Bahrain,1.206306306,0.07404024
2022,India,Bahrain,1.602862254,0.3287357
2022,India,Bangladesh,0.966431095,
2019,India,Belgium,2.394392523,
2020,India,Belgium,1.80862069,-0.244643194
2021,India,Belgium,1.799654577,-0.004957431
2022,India,Belgium,2.540186916,0.41148582
2019,India,Canada,8.342568162,
2020,India,Canada,6.533051047,-0.216901688
2021,India,Canada,7.181048174,0.099187519
2022,India,Canada,8.538622421,0.189049595
2019,India,Finland,1.188785047,
2020,India,Finland,0.939597315,-0.209615466
2019,India,France,2.89516129,
2020,India,France,1.818126148,-0.372012138
2021,India,France,1.900194426,0.045138935
2022,India,France,2.157681941,0.135505878
2019,India,Germany,4.019144144,
2020,India,Germany,3.125989237,-0.222225149
2021,India,Germany,3.6367713,0.163398536
2022,India,Germany,4.828351836,0.327647915
2022,India,Indonesia,1.227272727,
2020,India,Ireland,3.731460674,
2021,India,Ireland,4.137560976,0.108831457
2022,India,Ireland,6.57244898,0.588483896
2020,India,Italy,1.784665579,
2021,India,Italy,2.125423729,0.190936696
2022,India,Italy,2.286432161,0.075753568
2019,India,Japan,0.795744681,
2020,India,Japan,1.583333333,0.989750446
2021,India,Japan,1.280353201,-0.191355873
2022,India,Japan,2.130526316,0.664014519
2019,India,Malaysia,0.970044614,
2020,India,Malaysia,1.110612016,0.144908182
2021,India,Malaysia,0.624553571,-0.437649186
2022,India,Malaysia,1.410146699,1.257847467
2020,India,Netherlands,1.851757188,
2021,India,Netherlands,2.221536736,0.199691163
2022,India,Netherlands,3.505775076,0.578085574
2020,India,New Zealand,4.21875,
2021,India,New Zealand,1.666237113,-0.605040092
2021,India,Nigeria,1.053658537,
2022,India,Nigeria,1.523255814,0.445682601
2020,India,Poland,1.603174603,
2021,India,Poland,2.258823529,0.408969132
2022,India,Poland,3.286594761,0.455002889
2019,India,Qatar,0.658403361,
2020,India,Qatar,1.141973573,0.734458905
2021,India,Qatar,1.242239186,0.087800291
2022,India,Qatar,2.239674229,0.802933167
2019,India,Saudi Arabia,0.973373676,
2020,India,Saudi Arabia,1.02956636,0.057729817
2021,India,Saudi Arabia,0.867774439,-0.157145695
2022,India,Saudi Arabia,1.920321932,1.212927514
2019,India,Singapore,0.797425474,
2020,India,Singapore,1.201223242,0.506376809
2021,India,Singapore,0.804267973,-0.330459198
2022,India,Singapore,1.899474238,1.361742979
2020,India,South Africa,1.118243243,
2021,India,South Africa,1.03986711,-0.070088627
2022,India,South Africa,1.126785714,0.083586262
2019,India,Sweden,1.39965096,
2020,India,Sweden,2.58946213,0.850077058
2021,India,Sweden,2.699897225,0.04264789
2022,India,Sweden,3.843291995,0.423495665
2019,India,Switzerland,1.502803738,
2020,India,Switzerland,1.458823529,-0.029265438
2021,India,Switzerland,1.748287671,0.198423
2022,India,Switzerland,2.010714286,0.150104939
2020,India,Thailand,1.285433071,
2021,India,Thailand,0.905245347,-0.295766254
2022,India,Thailand,1.482078853,0.63721234
2019,India,United Arab Emirates,0.665761689,
2020,India,United Arab Emirates,1.451406091,1.180068505
2021,India,United Arab Emirates,1.79490224,0.236664399
2022,India,United Arab Emirates,2.160532636,0.203704908
2019,India,United Kingdom,1.527037417,
2020,India,United Kingdom,1.785592877,0.169318353
2021,India,United Kingdom,3.089120275,0.730024976
2022,India,United Kingdom,5.022480299,0.625861038
2019,India,United States,1.378292826,
2020,India,United States,1.027931115,-0.254199764
2021,India,United States,1.743046042,0.695683706
2022,India,United States,2.694240792,0.545708333
2019,Indonesia,Australia,1.165432099,
2020,Indonesia,Australia,0.976123596,-0.162436322
2021,Indonesia,Australia,0.780678851,-0.200225407
2022,Indonesia,Australia,2.273298429,1.911950831
2022,Indonesia,India,0.814814815,
2020,Indonesia,Malaysia,0.678543151,
2021,Indonesia,Malaysia,0.794017094,0.170179218
2022,Indonesia,Malaysia,1.175347222,0.480254306
2020,Indonesia,Singapore,0.887640449,
2021,Indonesia,Singapore,0.837931034,-0.056001746
2022,Indonesia,Singapore,1.344436033,0.604470986
2020,Indonesia,United Kingdom,0.880980163,
2021,Indonesia,United Kingdom,1.333333333,0.513465784
2022,Indonesia,United Kingdom,1.668797954,0.251598465
2019,Indonesia,United States,0.477771826,
2020,Indonesia,United States,0.420458433,-0.119959759
2021,Indonesia,United States,0.64921666,0.544068591
2022,Indonesia,United States,1.105215827,0.702383649
2020,Ireland,Australia,0.738451087,
2021,Ireland,Australia,0.808805031,0.095272315
2022,Ireland,Australia,2.177824268,1.692644312
2020,Ireland,Brazil,0.636626042,
2021,Ireland,Brazil,0.693548387,0.089412529
2022,Ireland,Brazil,0.301814516,-0.564825581
2020,Ireland,Canada,0.915936953,
2021,Ireland,Canada,1.195725534,0.305467075
2022,Ireland,Canada,1.903748734,0.592128527
2020,Ireland,France,1.206549118,
2021,Ireland,France,1.080363912,-0.104583563
2022,Ireland,France,0.808815112,-0.251349381
2020,Ireland,Germany,1.529769137,
2021,Ireland,Germany,1.54415011,0.009400747
2022,Ireland,Germany,1.075667656,-0.303391783
2020,Ireland,India,0.267991569,
2021,Ireland,India,0.241688281,-0.098149684
2022,Ireland,India,0.152150287,-0.370468909
2020,Ireland,Italy,0.854379977,
2021,Ireland,Italy,0.941822173,0.102345793
2022,Ireland,Italy,0.572888283,-0.391723513
2021,Ireland,Netherlands,1.835294118,
2022,Ireland,Netherlands,1.503008424,-0.181053103
2021,Ireland,Portugal,1.121856867,
2022,Ireland,Portugal,0.948101266,-0.154882148
2019,Ireland,Spain,1.980506823,
2020,Ireland,Spain,1.036452005,-0.476673348
2021,Ireland,Spain,1.106459948,0.067545765
2022,Ireland,Spain,0.883121597,-0.201849467
2021,Ireland,United Arab Emirates,0.846511628,
2022,Ireland,United Arab Emirates,0.782389937,-0.075748151
2019,Ireland,United Kingdom,1.057165862,
2020,Ireland,United Kingdom,0.806070826,-0.237517162
2021,Ireland,United Kingdom,1.18303312,0.467654059
2022,Ireland,United Kingdom,1.291189931,0.091423316
2019,Ireland,United States,2.412356322,
2020,Ireland,United States,0.737316798,-0.694358254
2021,Ireland,United States,0.942449355,0.278214951
2022,Ireland,United States,0.822360617,-0.127421954
2020,Israel,United Kingdom,0.84202454,
2021,Israel,United Kingdom,0.882962963,0.048619038
2022,Israel,United Kingdom,0.954074074,0.080536913
2019,Israel,United States,2.123517787,
2020,Israel,United States,0.805831464,-0.620520502
2021,Israel,United States,0.893825547,0.109196633
2022,Israel,United States,1.127516779,0.261450606
2022,Italy,Argentina,0.28051143,
2019,Italy,Australia,1.098820059,
2020,Italy,Australia,0.661702128,-0.397806654
2022,Italy,Austria,1.848,
2019,Italy,Belgium,2.204737733,
2020,Italy,Belgium,1.61010101,-0.269708598
2021,Italy,Belgium,1.607335491,-0.001717606
2022,Italy,Belgium,2.001098901,0.244978981
2020,Italy,Brazil,0.488143436,
2021,Italy,Brazil,0.481283422,-0.014053273
2022,Italy,Brazil,0.394280763,-0.180772193
2022,Italy,Canada,1.915547025,
2019,Italy,France,1.534701857,
2020,Italy,France,1.275101026,-0.169153918
2021,Italy,France,1.195699595,-0.062270698
2022,Italy,France,1.351502652,0.130302843
2019,Italy,Germany,1.760041732,
2020,Italy,Germany,1.653283302,-0.060656761
2021,Italy,Germany,1.572286894,-0.048991245
2022,Italy,Germany,1.646414343,0.047146261
2020,Italy,India,0.560329068,
2021,Italy,India,0.470494418,-0.160324807
2022,Italy,India,0.437362637,-0.070419072
2020,Italy,Ireland,1.170439414,
2021,Italy,Ireland,1.061771562,-0.092843637
2022,Italy,Ireland,1.745541023,0.64398924
2020,Italy,Netherlands,1.49609883,
2021,Italy,Netherlands,1.479610469,-0.011020904
2022,Italy,Netherlands,1.841709994,0.244726253
2021,Italy,Poland,1.171270718,
2022,Italy,Poland,1.063664596,-0.091871265
2021,Italy,Portugal,1.311973019,
2022,Italy,Portugal,1.54735376,0.179409743
2019,Italy,Spain,1.66989011,
2020,Italy,Spain,1.157560706,-0.306804262
2021,Italy,Spain,1.286200495,0.111130058
2022,Italy,Spain,1.622751176,0.26166269
2019,Italy,Switzerland,1.965283019,
2020,Italy,Switzerland,1.968287526,0.001528791
2021,Italy,Switzerland,1.837389953,-0.066503278
2022,Italy,Switzerland,2.45,0.333413191
2020,Italy,Turkey,0.826725404,
2022,Italy,Turkey,0.437935844,
2020,Italy,United Arab Emirates,0.837997054,
2021,Italy,United Arab Emirates,1.17398374,0.400940175
2022,Italy,United Arab Emirates,1.485759494,0.26557076
2019,Italy,United Kingdom,1.021327582,
2020,Italy,United Kingdom,0.942955074,-0.076735916
2021,Italy,United Kingdom,0.784338714,-0.168212001
2022,Italy,United Kingdom,0.971925884,0.239166022
2019,Italy,United States,1.067058096,
2020,Italy,United States,0.80756396,-0.243186512
2021,Italy,United States,0.963463066,0.193048617
2022,Italy,United States,1.202845229,0.248460135
2022,Jamaica,United States,2.507168459,
2020,Japan,Australia,0.78470255,
2022,Japan,Australia,1.292604502,
2020,Japan,Canada,0.815249267,
2021,Japan,Canada,1.078175896,0.322510721
2022,Japan,Canada,1.089655172,0.010646942
2020,Japan,China,0.948506694,
2021,Japan,China,1.232018561,0.298903391
2022,Japan,China,2.102316602,0.706400105
2020,Japan,France,1.133248731,
2021,Japan,France,1.213261649,0.070604904
2022,Japan,France,0.69222097,-0.429454504
2020,Japan,Germany,1.268421053,
2022,Japan,Germany,0.953424658,
2019,Japan,India,1.256684492,
2020,Japan,India,0.631578947,-0.497424412
2021,Japan,India,0.781034483,0.236637931
2022,Japan,India,0.469367589,-0.399043705
2020,Japan,Singapore,0.823459716,
2021,Japan,Singapore,0.719786096,-0.12590005
2022,Japan,Singapore,1.054309327,0.464753671
2020,Japan,United Kingdom,0.777462792,
2021,Japan,United Kingdom,1.091225022,0.40357202
2022,Japan,United Kingdom,0.980420595,-0.101541318
2019,Japan,United States,2.697399527,
2020,Japan,United States,0.80336,-0.70217241
2021,Japan,United States,0.929709632,0.157276478
2022,Japan,United States,0.989134126,0.063917262
2020,Jordan,Saudi Arabia,1.280353201,
2021,Jordan,Saudi Arabia,1.68729097,0.31783243
2022,Jordan,Saudi Arabia,1.945632799,0.15311042
2020,Jordan,United Arab Emirates,1.371640408,
2021,Jordan,United Arab Emirates,1.760839161,0.283746929
2022,Jordan,United Arab Emirates,1.950188679,0.107533682
2022,Jordan,United States,2.301164725,
2020,Kenya,United Kingdom,1.094269871,
2021,Kenya,United Kingdom,1.544954128,0.411858418
2022,Kenya,United Kingdom,1.882142857,0.218251612
2020,Kenya,United States,0.775473934,
2021,Kenya,United States,1.068581477,0.377972142
2022,Kenya,United States,1.401719902,0.311757626
2020,Lebanon,United Arab Emirates,4.001474926,
2021,Lebanon,United Arab Emirates,5.185461323,0.295887496
2022,Lebanon,United Arab Emirates,3.6248,-0.300968656
2022,Lebanon,United States,2.663101604,
2020,Luxembourg,Belgium,0.493658537,
2021,Luxembourg,Belgium,0.682092555,0.381709228
2022,Luxembourg,Belgium,0.604366812,-0.113951901
2019,Luxembourg,France,0.597721297,
2020,Luxembourg,France,0.438194899,-0.266890939
2021,Luxembourg,France,0.548284808,0.251235033
2022,Luxembourg,France,0.543203999,-0.009266734
2020,Luxembourg,Germany,0.628395062,
2021,Luxembourg,Germany,0.906810036,0.443057228
2022,Luxembourg,Germany,0.826903024,-0.0881188
2019,Malaysia,Australia,1.959459459,
2020,Malaysia,Australia,0.678640777,-0.65365919
2021,Malaysia,Australia,0.638390093,-0.059310736
2022,Malaysia,Australia,2.028121485,2.176931327
2019,Malaysia,India,1.03088042,
2020,Malaysia,India,0.900404449,-0.126567514
2021,Malaysia,India,1.601143674,0.778249403
2022,Malaysia,India,0.709146077,-0.557100285
2020,Malaysia,Indonesia,1.473745624,
2021,Malaysia,Indonesia,1.25941873,-0.145430046
2022,Malaysia,Indonesia,0.850812408,-0.324440404
2019,Malaysia,Singapore,1.821917808,
2020,Malaysia,Singapore,2.167166738,0.189497533
2021,Malaysia,Singapore,1.962529274,-0.094426267
2022,Malaysia,Singapore,3.01351905,0.535528203
2019,Malaysia,United Kingdom,0.939393939,
2020,Malaysia,United Kingdom,0.568298028,-0.395037583
2021,Malaysia,United Kingdom,1.03711448,0.82494823
2022,Malaysia,United Kingdom,1.793319415,0.729143166
2019,Malaysia,United States,1.083138173,
2020,Malaysia,United States,0.56504746,-0.478323751
2021,Malaysia,United States,0.900698216,0.594022237
2022,Malaysia,United States,1.311808118,0.456434681
2022,Mexico,Argentina,0.586005831,
2020,Mexico,Brazil,0.809869376,
2021,Mexico,Brazil,0.703910615,-0.130834385
2022,Mexico,Brazil,0.787831513,0.119220959
2019,Mexico,Canada,2.075286416,
2020,Mexico,Canada,1.681735986,-0.189636682
2021,Mexico,Canada,2.79524302,0.662117624
2022,Mexico,Canada,2.86852861,0.026217968
2020,Mexico,Colombia,0.659945005,
2021,Mexico,Colombia,0.517676768,-0.215575898
2022,Mexico,Colombia,0.553108808,0.068444332
2019,Mexico,France,1.818996416,
2020,Mexico,France,1.463963964,-0.195180402
2021,Mexico,France,1.358778626,-0.071849677
2022,Mexico,France,1.209195402,-0.11008653
2019,Mexico,Germany,2.220502901,
2020,Mexico,Germany,2.012658228,-0.093602523
2021,Mexico,Germany,2.018771331,0.003037328
2022,Mexico,Germany,1.639947438,-0.18765072
2019,Mexico,Spain,1.543942993,
2020,Mexico,Spain,1.170327208,-0.24198807
2021,Mexico,Spain,1.432174888,0.223738864
2022,Mexico,Spain,1.542635659,0.07712799
2020,Mexico,United Kingdom,1.143979058,
2021,Mexico,United Kingdom,1.299552906,0.135993616
2022,Mexico,United Kingdom,1.539039039,0.184283481
2019,Mexico,United States,1.770594966,
2020,Mexico,United States,1.361927643,-0.23080791
2021,Mexico,United States,1.827268677,0.341678236
2022,Mexico,United States,2.108289958,0.153793082
2019,Morocco,France,11.84563758,
2020,Morocco,France,4.537740503,-0.616927289
2021,Morocco,France,3.670286707,-0.191164258
2022,Morocco,France,3.614020951,-0.015330071
2022,Morocco,United Arab Emirates,2.161033797,
2021,Morocco,United States,1.816216216,
2022,Morocco,United States,2.12962963,0.172563933
2020,Netherlands,Australia,0.630360206,
2021,Netherlands,Australia,0.78611898,0.247094872
2022,Netherlands,Australia,1.230769231,0.565627166
2022,Netherlands,Austria,1.104504505,
2020,Netherlands,Belgium,0.963393171,
2021,Netherlands,Belgium,1.021886792,0.06071625
2022,Netherlands,Belgium,1.105717368,0.08203509
2022,Netherlands,Brazil,0.399745385,
2020,Netherlands,Canada,0.831724138,
2021,Netherlands,Canada,0.890756303,0.070975654
2022,Netherlands,Canada,1.020238095,0.145361635
2020,Netherlands,Denmark,1.001782531,
2022,Netherlands,Denmark,1.177419355,
2020,Netherlands,France,0.777686628,
2021,Netherlands,France,0.771054783,-0.008527657
2022,Netherlands,France,0.775257732,0.005450908
2020,Netherlands,Germany,1.056540084,
2021,Netherlands,Germany,1.053439933,-0.002934249
2022,Netherlands,Germany,0.940610546,-0.107105667
2020,Netherlands,Greece,0.598802395,
2021,Netherlands,Greece,0.425427873,-0.289535452
2022,Netherlands,Greece,0.375157629,-0.118163963
2020,Netherlands,India,0.540027605,
2021,Netherlands,India,0.450138854,-0.166452142
2022,Netherlands,India,0.285243628,-0.366320803
2021,Netherlands,Ireland,0.544871795,
2022,Netherlands,Ireland,0.665332266,0.221080394
2020,Netherlands,Italy,0.668405041,
2021,Netherlands,Italy,0.675853558,0.011143717
2022,Netherlands,Italy,0.542973651,-0.196610501
2020,Netherlands,Poland,0.717921527,
2021,Netherlands,Poland,0.608326253,-0.152656342
2022,Netherlands,Poland,0.528138528,-0.131816973
2020,Netherlands,Portugal,0.738527215,
2021,Netherlands,Portugal,0.682882883,-0.075344998
2022,Netherlands,Portugal,0.618233618,-0.094671087
2020,Netherlands,Spain,0.807422969,
2021,Netherlands,Spain,0.964001385,0.193923658
2022,Netherlands,Spain,0.887137137,-0.079734582
2020,Netherlands,Sweden,1.226594301,
2021,Netherlands,Sweden,1.179926561,-0.038046598
2022,Netherlands,Sweden,1.162689805,-0.014608329
2020,Netherlands,Switzerland,1.324414716,
2021,Netherlands,Switzerland,1.502994012,0.134836388
2022,Netherlands,Switzerland,1.521925134,0.012595607
2020,Netherlands,Turkey,0.346583851,
2021,Netherlands,Turkey,0.258733205,-0.253475877
2022,Netherlands,Turkey,0.265844322,0.027484359
2021,Netherlands,United Arab Emirates,0.724094881,
2022,Netherlands,United Arab Emirates,0.925,0.277456897
2020,Netherlands,United Kingdom,0.647729149,
2021,Netherlands,United Kingdom,0.735614308,0.135681957
2022,Netherlands,United Kingdom,0.852546346,0.158958351
2020,Netherlands,United States,0.650730741,
2021,Netherlands,United States,0.773089172,0.188032351
2022,Netherlands,United States,0.95811387,0.239331638
2019,New Zealand,Australia,1.573128599,
2020,New Zealand,Australia,0.916589862,-0.417345879
2021,New Zealand,Australia,1.216099071,0.326764698
2022,New Zealand,Australia,2.005250404,0.648920266
2020,New Zealand,Canada,0.893314367,
2020,New Zealand,India,0.237037037,
2021,New Zealand,India,0.600154679,1.531902552
2019,New Zealand,United Kingdom,0.770120989,
2020,New Zealand,United Kingdom,0.553015075,-0.281911436
2021,New Zealand,United Kingdom,0.448128693,-0.18966279
2022,New Zealand,United Kingdom,1.281973817,1.86072692
2019,New Zealand,United States,0.934995548,
2020,New Zealand,United States,0.666106443,-0.2875833
2021,New Zealand,United States,0.950668896,0.427202674
2022,New Zealand,United States,1.116157205,0.174075653
2021,Nigeria,Canada,7.318785579,
2022,Nigeria,Canada,6.88959276,-0.058642628
2021,Nigeria,India,0.949074074,
2022,Nigeria,India,0.65648855,-0.308285236
2022,Nigeria,United Arab Emirates,1.706777317,
2019,Nigeria,United Kingdom,1.495104895,
2020,Nigeria,United Kingdom,1.452593193,-0.028433926
2021,Nigeria,United Kingdom,3.331578947,1.293538868
2022,Nigeria,United Kingdom,4.398534127,0.320255109
2019,Nigeria,United States,3.508583691,
2020,Nigeria,United States,1.958577713,-0.441775404
2021,Nigeria,United States,2.818067754,0.43883377
2022,Nigeria,United States,2.006052632,-0.288146061
2019,Norway,Denmark,0.89819376,
2020,Norway,Denmark,0.878824969,-0.021564157
2021,Norway,Denmark,0.760210804,-0.134969044
2022,Norway,Denmark,0.927556818,0.220131066
2020,Norway,Sweden,1.146800502,
2021,Norway,Sweden,0.994736842,-0.13259818
2022,Norway,Sweden,0.853541417,-0.141942491
2020,Norway,United Kingdom,0.556986478,
2021,Norway,United Kingdom,0.587605203,0.054972115
2022,Norway,United Kingdom,0.829525483,0.411705477
2019,Norway,United States,0.764119601,
2020,Norway,United States,0.604336043,-0.209108048
2021,Norway,United States,0.649162011,0.074173911
2022,Norway,United States,0.992407809,0.528752133
2021,Pakistan,Australia,2.123772102,
2021,Pakistan,Canada,3.685454545,
2022,Pakistan,Canada,4.435643564,0.203554001
2020,Pakistan,Saudi Arabia,1.079450418,
2021,Pakistan,Saudi Arabia,1.081043316,0.001475657
2022,Pakistan,Saudi Arabia,2.670817542,1.47059253
2019,Pakistan,United Arab Emirates,1.607354686,
2020,Pakistan,United Arab Emirates,1.33044074,-0.172279304
2021,Pakistan,United Arab Emirates,1.316570486,-0.010425307
2022,Pakistan,United Arab Emirates,2.501802575,0.900242031
2020,Pakistan,United Kingdom,2.260557053,
2021,Pakistan,United Kingdom,3.394982079,0.501834282
2022,Pakistan,United Kingdom,4.277953586,0.260081346
2020,Pakistan,United States,1.9086468,
2021,Pakistan,United States,2.208945478,0.157335908
2022,Pakistan,United States,2.260493005,0.023335807
2020,Panama,United States,1.44637224,
2021,Panama,United States,2.014842301,0.393031645
2022,Panama,United States,1.845440495,-0.084076955
2022,Peru,Chile,1.30511811,
2020,Peru,Spain,2.082392777,
2021,Peru,Spain,3.109876543,0.493414969
2022,Peru,Spain,1.444444444,-0.535529972
2020,Peru,United States,1.322937626,
2021,Peru,United States,2.252307692,0.702504826
2022,Peru,United States,1.522277228,-0.324125548
2022,Peru,Venezuela,0.921664627,
2020,Philippines,Australia,2.621803499,
2021,Philippines,Australia,2.056577086,-0.215586871
2022,Philippines,Australia,3.9844098,0.937398713
2022,Philippines,Canada,8.046321526,
2020,Philippines,Qatar,0.844871795,
2022,Philippines,Qatar,1.15052161,
2020,Philippines,Saudi Arabia,0.740740741,
2021,Philippines,Saudi Arabia,0.607671602,-0.179643338
2022,Philippines,Saudi Arabia,0.703470032,0.157648358
2019,Philippines,Singapore,0.715827338,
2020,Philippines,Singapore,0.76947321,0.074942475
2021,Philippines,Singapore,0.623792801,-0.189324862
2022,Philippines,Singapore,1.314849624,1.107830713
2019,Philippines,United Arab Emirates,0.79395218,
2020,Philippines,United Arab Emirates,0.777483444,-0.020742731
2021,Philippines,United Arab Emirates,0.694137846,-0.107199192
2022,Philippines,United Arab Emirates,1.33130787,0.917930102
2022,Philippines,United Kingdom,3.026272578,
2019,Philippines,United States,2.361464968,
2020,Philippines,United States,1.849614396,-0.216751288
2021,Philippines,United States,2.046491481,0.106442232
2022,Philippines,United States,2.058896982,0.006061839
2022,Poland,Canada,3.535856574,
2020,Poland,France,1.017094017,
2021,Poland,France,0.9671875,-0.049067752
2022,Poland,France,1.346097202,0.391764474
2019,Poland,Germany,1.78677309,
2020,Poland,Germany,1.448674371,-0.189223086
2021,Poland,Germany,1.540775401,0.063576075
2022,Poland,Germany,1.851167844,0.201452102
2020,Poland,India,0.623762376,
2021,Poland,India,0.442708333,-0.290261243
2022,Poland,India,0.304266292,-0.312716141
2021,Poland,Italy,0.853773585,
2022,Poland,Italy,0.940145985,0.101165464
2020,Poland,Netherlands,1.392909897,
2021,Poland,Netherlands,1.643854749,0.180158711
2022,Poland,Netherlands,1.893442623,0.151830856
2020,Poland,Spain,0.994145199,
2021,Poland,Spain,1.269337017,0.2768125
2022,Poland,Spain,1.593555094,0.255423164
2022,Poland,Turkey,0.476557482,
2020,Poland,Ukraine,0.522309711,
2021,Poland,Ukraine,0.538503254,0.031003717
2022,Poland,Ukraine,0.267337585,-0.503554374
2019,Poland,United Kingdom,0.66874675,
2020,Poland,United Kingdom,0.733021721,0.096112574
2021,Poland,United Kingdom,0.653955606,-0.107863263
2022,Poland,United Kingdom,0.99933928,0.528145444
2019,Poland,United States,1.46374829,
2020,Poland,United States,0.969037657,-0.337975208
2021,Poland,United States,1.061908856,0.095838587
2022,Poland,United States,1.88400703,0.774170183
2022,Portugal,Belgium,1.326492537,
2020,Portugal,Brazil,0.421760514,
2021,Portugal,Brazil,0.388000752,-0.080044861
2022,Portugal,Brazil,0.27118567,-0.301069216
2020,Portugal,France,0.85011355,
2021,Portugal,France,0.876560333,0.031109706
2022,Portugal,France,0.924539171,0.054735351
2020,Portugal,Germany,1.145575642,
2021,Portugal,Germany,1.082664526,-0.054916597
2022,Portugal,Germany,1.008156607,-0.068819027
2021,Portugal,Ireland,0.89137931,
2022,Portugal,Ireland,1.054739653,0.183266922
2021,Portugal,Italy,0.762210797,
2022,Portugal,Italy,0.646264626,-0.152118247
2020,Portugal,Netherlands,1.354046243,
2021,Portugal,Netherlands,1.464379947,0.081484443
2022,Portugal,Netherlands,1.617511521,0.10457093
2020,Portugal,Spain,0.927594071,
2021,Portugal,Spain,1.084317032,0.168956407
2022,Portugal,Spain,1.222963316,0.12786508
2021,Portugal,Switzerland,1.385964912,
2022,Portugal,Switzerland,1.639291465,0.182779918
2020,Portugal,United Kingdom,1.013708514,
2021,Portugal,United Kingdom,0.861794501,-0.14985966
2022,Portugal,United Kingdom,0.897669337,0.041628064
2020,Portugal,United States,0.55276907,
2021,Portugal,United States,0.672354949,0.216339671
2022,Portugal,United States,0.770636792,0.146175534
2019,Puerto Rico,United States,1.386853817,
2020,Puerto Rico,United States,1.320778406,-0.047644107
2021,Puerto Rico,United States,1.483141272,0.12292968
2022,Puerto Rico,United States,1.603821656,0.081368098
2019,Qatar,India,1.518825782,
2020,Qatar,India,0.875677006,-0.423451316
2021,Qatar,India,0.804997952,-0.080713613
2022,Qatar,India,0.446493506,-0.44534827
2020,Qatar,Philippines,1.183611533,
2022,Qatar,Philippines,0.869170984,
2021,Qatar,Saudi Arabia,0.865067466,
2022,Qatar,Saudi Arabia,1.070718232,0.237728008
2020,Qatar,United Arab Emirates,1.054466231,
2021,Qatar,United Arab Emirates,1.008239376,-0.043839105
2022,Qatar,United Arab Emirates,0.713445378,-0.292384928
2020,Qatar,United Kingdom,1.517985612,
2021,Qatar,United Kingdom,1.378016086,-0.092207413
2022,Qatar,United Kingdom,1.361726954,-0.011820712
2020,Qatar,United States,1.119236884,
2021,Qatar,United States,1.582608696,0.414006917
2022,Qatar,United States,1.38,-0.128021978
2020,Romania,Germany,2.456,
2021,Romania,Germany,2.109271523,-0.14117609
2022,Romania,Germany,1.764705882,-0.163357651
2020,Romania,United Kingdom,1.468819599,
2021,Romania,United Kingdom,1.08991684,-0.257964123
2022,Romania,United Kingdom,1.158536585,0.062958698
2020,Romania,United States,1.10971223,
2021,Romania,United States,1.232421875,0.110577897
2022,Romania,United States,1.506451613,0.222350596
2022,Saudi Arabia,Australia,1.063247863,
2020,Saudi Arabia,Canada,1.55078125,
2021,Saudi Arabia,Canada,1.80317041,0.162749685
2022,Saudi Arabia,Canada,2.051480051,0.137707252
2019,Saudi Arabia,Egypt,0.680109991,
2020,Saudi Arabia,Egypt,1.231397724,0.810586141
2021,Saudi Arabia,Egypt,0.970352415,-0.21199106
2022,Saudi Arabia,Egypt,0.523995959,-0.459994173
2019,Saudi Arabia,India,1.027354678,
2020,Saudi Arabia,India,0.971282706,-0.054578982
2021,Saudi Arabia,India,1.152373192,0.186444673
2022,Saudi Arabia,India,0.520746018,-0.548109916
2020,Saudi Arabia,Jordan,0.781034483,
2021,Saudi Arabia,Jordan,0.592666006,-0.241178182
2022,Saudi Arabia,Jordan,0.513971599,-0.132780363
2020,Saudi Arabia,Pakistan,0.926397344,
2021,Saudi Arabia,Pakistan,0.925032314,-0.001473482
2022,Saudi Arabia,Pakistan,0.37441719,-0.595238799
2020,Saudi Arabia,Philippines,1.35,
2021,Saudi Arabia,Philippines,1.645625692,0.218981994
2022,Saudi Arabia,Philippines,1.421524664,-0.136179831
2021,Saudi Arabia,Qatar,1.155979203,
2022,Saudi Arabia,Qatar,0.933952528,-0.192068053
2019,Saudi Arabia,United Arab Emirates,0.878394333,
2020,Saudi Arabia,United Arab Emirates,1.04434751,0.188927878
2021,Saudi Arabia,United Arab Emirates,0.993033093,-0.049135385
2022,Saudi Arabia,United Arab Emirates,0.817321178,-0.176944672
2020,Saudi Arabia,United Kingdom,0.808293269,
2021,Saudi Arabia,United Kingdom,0.992286501,0.227631776
2022,Saudi Arabia,United Kingdom,1.036934441,0.044995009
2019,Saudi Arabia,United States,0.523252033,
2020,Saudi Arabia,United States,0.305972262,-0.415248785
2021,Saudi Arabia,United States,0.476521739,0.557401762
2022,Saudi Arabia,United States,0.682867825,0.433025545
2019,Singapore,Australia,2.751043115,
2020,Singapore,Australia,1.268388792,-0.538942598
2021,Singapore,Australia,1.455723542,0.147695054
2022,Singapore,Australia,1.830786644,0.257647205
2021,Singapore,Canada,2.624254473,
2022,Singapore,Canada,2.638573744,0.00545651
2020,Singapore,China,0.795894428,
2021,Singapore,China,0.803868646,0.01001919
2022,Singapore,China,0.783881678,-0.024863475
2020,Singapore,France,1.501246883,
2021,Singapore,France,1.565925926,0.043083549
2022,Singapore,France,0.847193347,-0.458982489
2020,Singapore,Germany,1.727984344,
2022,Singapore,Germany,1.462903226,
2019,Singapore,India,1.254035684,
2020,Singapore,India,0.832484725,-0.336155473
2021,Singapore,India,1.243366681,0.493560955
2022,Singapore,India,0.52646147,-0.576583901
2020,Singapore,Indonesia,1.126582278,
2021,Singapore,Indonesia,1.193415638,0.059323993
2022,Singapore,Indonesia,0.743806306,-0.376741612
2020,Singapore,Japan,1.214388489,
2021,Singapore,Japan,1.389301634,0.144033929
2022,Singapore,Japan,0.948488242,-0.317291351
2019,Singapore,Malaysia,0.54887218,
2020,Singapore,Malaysia,0.461431962,-0.159308891
2021,Singapore,Malaysia,0.509546539,0.104272312
2022,Singapore,Malaysia,0.331837955,-0.348758298
2019,Singapore,Philippines,1.396984925,
2020,Singapore,Philippines,1.299590404,-0.069717661
2021,Singapore,Philippines,1.603096411,0.233539742
2022,Singapore,Philippines,0.760543245,-0.525578599
2020,Singapore,Thailand,0.939899833,
2021,Singapore,Thailand,1.298479087,0.381507946
2022,Singapore,Thailand,0.878306878,-0.323587968
2020,Singapore,United Arab Emirates,1.052950076,
2021,Singapore,United Arab Emirates,1.724709784,0.637978689
2022,Singapore,United Arab Emirates,1.427331887,-0.172421992
2019,Singapore,United Kingdom,1.042735043,
2020,Singapore,United Kingdom,1.076767677,0.032637854
2021,Singapore,United Kingdom,1.580832527,0.468127769
2022,Singapore,United Kingdom,1.370122192,-0.133290739
2019,Singapore,United States,2.637130802,
2020,Singapore,United States,1.020198881,-0.613140584
2021,Singapore,United States,1.331347236,0.30498794
2022,Singapore,United States,1.283556569,-0.035896471
2020,South Africa,India,0.894259819,
2021,South Africa,India,0.961661342,0.075371298
2022,South Africa,India,0.88748019,-0.07713854
2020,South Africa,United Arab Emirates,1.392581144,
2021,South Africa,United Arab Emirates,1.556521739,0.117724268
2022,South Africa,United Arab Emirates,2.673913043,0.717877095
2019,South Africa,United Kingdom,1.515648286,
2020,South Africa,United Kingdom,2.223166844,0.466809196
2021,South Africa,United Kingdom,1.978398139,-0.110099116
2022,South Africa,United Kingdom,2.452488688,0.23963354
2019,South Africa,United States,0.529689963,
2020,South Africa,United States,0.585946997,0.106207476
2021,South Africa,United States,0.575910033,-0.017129476
2022,South Africa,United States,1.038674033,0.80353523
2019,Spain,Argentina,0.197172335,
2020,Spain,Argentina,0.307681305,0.560468942
2021,Spain,Argentina,0.206939502,-0.327422568
2022,Spain,Argentina,0.286595492,0.384924047
2019,Spain,Australia,1.145454545,
2020,Spain,Australia,0.672834315,-0.412604963
2022,Spain,Australia,1.698262243,
2022,Spain,Austria,1.172862454,
2019,Spain,Belgium,1.134476534,
2020,Spain,Belgium,1.223435226,0.078413866
2021,Spain,Belgium,1.095166163,-0.104843362
2022,Spain,Belgium,1.166666667,0.065287356
2020,Spain,Brazil,0.528761062,
2021,Spain,Brazil,0.554599247,0.048865521
2022,Spain,Brazil,0.490816725,-0.115006506
2019,Spain,Canada,0.848184818,
2020,Spain,Canada,0.859413203,0.013238134
2021,Spain,Canada,1.015471167,0.18158665
2022,Spain,Canada,1.163,0.145281163
2020,Spain,Chile,0.529771842,
2021,Spain,Chile,0.35614588,-0.327737241
2022,Spain,Chile,0.416846652,0.170437945
2020,Spain,Colombia,0.503588517,
2021,Spain,Colombia,0.362337011,-0.280489926
2022,Spain,Colombia,0.285851166,-0.211090347
2019,Spain,Denmark,1.058823529,
2020,Spain,Denmark,1.505208333,0.421585648
2021,Spain,Denmark,1.520547945,0.010191022
2022,Spain,Denmark,1.456395349,-0.042190446
2020,Spain,Ecuador,0.736,
2021,Spain,Ecuador,0.514900662,-0.300406709
2022,Spain,Ecuador,0.449541284,-0.126935898
2019,Spain,France,0.931265911,
2020,Spain,France,1.016316612,0.091328051
2021,Spain,France,0.946846208,-0.06835508
2022,Spain,France,0.906062008,-0.043073732
2019,Spain,Germany,1.137101449,
2020,Spain,Germany,1.402567394,0.233458453
2021,Spain,Germany,1.231602264,-0.121894413
2022,Spain,Germany,1.080321285,-0.122832658
2019,Spain,Ireland,0.50492126,
2020,Spain,Ireland,0.964830012,0.910852421
2021,Spain,Ireland,0.903783279,-0.063272009
2022,Spain,Ireland,1.132346897,0.252896489
2019,Spain,Italy,0.5988418,
2020,Spain,Italy,0.863885578,0.442593983
2021,Spain,Italy,0.777483762,-0.100015347
2022,Spain,Italy,0.616237421,-0.207395124
2019,Spain,Mexico,0.647692308,
2020,Spain,Mexico,0.854461892,0.319240451
2021,Spain,Mexico,0.698238748,-0.182832196
2022,Spain,Mexico,0.648241206,-0.071605223
2020,Spain,Netherlands,1.238508239,
2021,Spain,Netherlands,1.037342908,-0.162425509
2022,Spain,Netherlands,1.127221439,0.086643028
2020,Spain,Peru,0.480216802,
2021,Spain,Peru,0.321556173,-0.330393748
2022,Spain,Peru,0.692307692,1.152991453
2020,Spain,Poland,1.005889282,
2021,Spain,Poland,0.78781284,-0.216799647
2022,Spain,Poland,0.627527723,-0.203455832
2020,Spain,Portugal,1.078057775,
2021,Spain,Portugal,0.922239502,-0.144536106
2022,Spain,Portugal,0.817686015,-0.113369127
2020,Spain,Sweden,1.294697904,
2021,Spain,Sweden,1.178657074,-0.089627726
2022,Spain,Sweden,0.982425308,-0.166487582
2019,Spain,Switzerland,1.235233161,
2020,Spain,Switzerland,1.585144928,0.283275885
2021,Spain,Switzerland,1.59714795,0.007572193
2022,Spain,Switzerland,1.52949538,-0.042358361
2022,Spain,Ukraine,0.245334547,
2020,Spain,United Arab Emirates,0.761643836,
2021,Spain,United Arab Emirates,1.104885057,0.450658439
2022,Spain,United Arab Emirates,1.492517007,0.350834638
2019,Spain,United Kingdom,0.636606802,
2020,Spain,United Kingdom,0.805157833,0.264764735
2021,Spain,United Kingdom,0.685714286,-0.148347991
2022,Spain,United Kingdom,0.842506552,0.228655389
2019,Spain,United States,0.89057523,
2020,Spain,United States,0.785656858,-0.117809667
2021,Spain,United States,0.904172821,0.150849524
2022,Spain,United States,1.083009482,0.197790353
2021,Spain,Venezuela,0.176183844,
2022,Spain,Venezuela,0.258745875,0.468612948
2020,Sri Lanka,United Arab Emirates,1.046017699,
2021,Sri Lanka,United Arab Emirates,1.657458564,0.584541605
2022,Sri Lanka,United Arab Emirates,4.672766416,1.819235737
2020,Sweden,Denmark,1.020955574,
2021,Sweden,Denmark,1.14797361,0.124410933
2022,Sweden,Denmark,1.331047992,0.159476125
2020,Sweden,Finland,1.092833876,
2021,Sweden,Finland,1.099836334,0.006407614
2022,Sweden,Finland,0.890625,-0.190220424
2020,Sweden,France,0.84519774,
2021,Sweden,France,0.708646617,-0.161561156
2022,Sweden,France,0.718085106,0.013319036
2020,Sweden,Germany,0.99867286,
2021,Sweden,Germany,0.917933131,-0.080847025
2022,Sweden,Germany,0.896412037,-0.023445165
2019,Sweden,India,0.71446384,
2020,Sweden,India,0.386180585,-0.459481974
2021,Sweden,India,0.370384469,-0.040903444
2022,Sweden,India,0.260193605,-0.297504007
2020,Sweden,Netherlands,0.815265487,
2021,Sweden,Netherlands,0.847510373,0.039551394
2022,Sweden,Netherlands,0.860074627,0.014824896
2020,Sweden,Norway,0.871991247,
2021,Sweden,Norway,1.005291005,0.152868229
2022,Sweden,Norway,1.171589311,0.165423051
2020,Sweden,Spain,0.772380952,
2021,Sweden,Spain,0.848423194,0.098451731
2022,Sweden,Spain,1.017889088,0.199742174
2019,Sweden,United Kingdom,1.264116576,
2020,Sweden,United Kingdom,0.660123172,-0.477798817
2021,Sweden,United Kingdom,0.6746633,0.022026386
2022,Sweden,United Kingdom,0.891514501,0.321421368
2019,Sweden,United States,2.001626016,
2020,Sweden,United States,0.634016028,-0.683249506
2021,Sweden,United States,0.634928466,0.001439139
2022,Sweden,United States,1.079080202,0.699530357
2020,Switzerland,Austria,0.7125,
2021,Switzerland,Austria,0.643518519,-0.096816114
2022,Switzerland,Austria,0.543222004,-0.155856454
2021,Switzerland,Canada,0.788838612,
2022,Switzerland,Canada,0.852857143,0.081155422
2019,Switzerland,France,0.620775762,
2020,Switzerland,France,0.532095112,-0.142854563
2021,Switzerland,France,0.47931402,-0.099194844
2022,Switzerland,France,0.448922586,-0.063406103
2019,Switzerland,Germany,0.704231434,
2020,Switzerland,Germany,0.618774221,-0.121348193
2021,Switzerland,Germany,0.549525294,-0.111913077
2022,Switzerland,Germany,0.495339711,-0.098604348
2019,Switzerland,India,0.665422886,
2020,Switzerland,India,0.685483871,0.030147724
2021,Switzerland,India,0.571988247,-0.165570087
2022,Switzerland,India,0.497335702,-0.130514124
2019,Switzerland,Italy,0.508832565,
2020,Switzerland,Italy,0.508055854,-0.001526458
2021,Switzerland,Italy,0.544250282,0.071241041
2022,Switzerland,Italy,0.408163265,-0.250044917
2020,Switzerland,Netherlands,0.755050505,
2021,Switzerland,Netherlands,0.665338645,-0.118815707
2022,Switzerland,Netherlands,0.657062544,-0.012438931
2021,Switzerland,Portugal,0.721518987,
2022,Switzerland,Portugal,0.610019646,-0.154534174
2019,Switzerland,Spain,0.809563758,
2020,Switzerland,Spain,0.630857143,-0.220744338
2021,Switzerland,Spain,0.626116071,-0.007515285
2022,Switzerland,Spain,0.653810409,0.044231954
2022,Switzerland,United Arab Emirates,1.21471173,
2019,Switzerland,United Kingdom,0.518744906,
2020,Switzerland,United Kingdom,0.58437429,0.126515717
2021,Switzerland,United Kingdom,0.648494289,0.109724195
2022,Switzerland,United Kingdom,0.769775679,0.187019982
2019,Switzerland,United States,1.032271584,
2020,Switzerland,United States,0.693902073,-0.327791171
2021,Switzerland,United States,0.771679117,0.112086484
2022,Switzerland,United States,1.009318996,0.307951679
2020,Thailand,Australia,1.135135135,
2020,Thailand,India,0.777947933,
2021,Thailand,India,1.104672897,0.419983075
2022,Thailand,India,0.674727932,-0.389205679
2020,Thailand,Singapore,1.063943162,
2021,Thailand,Singapore,0.770131772,-0.276153276
2022,Thailand,Singapore,1.138554217,0.478388841
2019,Thailand,United Kingdom,0.678205128,
2020,Thailand,United Kingdom,0.751449275,0.107997041
2021,Thailand,United Kingdom,0.94765343,0.261100996
2022,Thailand,United Kingdom,1.20822838,0.274968614
2019,Thailand,United States,1.221170396,
2020,Thailand,United States,0.957827476,-0.215647972
2021,Thailand,United States,1.229325921,0.283452346
2022,Thailand,United States,1.715043075,0.395108527
2020,Tunisia,France,4.380483438,
2021,Tunisia,France,3.854219949,-0.120138221
2022,Tunisia,France,4.547945205,0.179991092
2022,Turkey,Canada,2.97829233,
2020,Turkey,Cyprus,1.691262136,
2021,Turkey,Cyprus,1.382826476,-0.182370109
2022,Turkey,Cyprus,1.868421053,0.351160891
2022,Turkey,France,1.727672035,
2019,Turkey,Germany,4.537062937,
2020,Turkey,Germany,2.782962963,-0.386615746
2021,Turkey,Germany,3.464532329,0.244907811
2022,Turkey,Germany,3.305278701,-0.045966847
2020,Turkey,Italy,1.209591474,
2022,Turkey,Italy,2.28343949,
2020,Turkey,Netherlands,2.885304659,
2021,Turkey,Netherlands,3.864985163,0.339541442
2022,Turkey,Netherlands,3.7616,-0.026749175
2022,Turkey,Poland,2.098382749,
2020,Turkey,United Arab Emirates,0.943937419,
2021,Turkey,United Arab Emirates,1.32912844,0.408068389
2022,Turkey,United Arab Emirates,2.017994859,0.518284311
2019,Turkey,United Kingdom,3.042721519,
2020,Turkey,United Kingdom,2.312149533,-0.240104782
2021,Turkey,United Kingdom,2.785895807,0.204894306
2022,Turkey,United Kingdom,2.458333333,-0.117578867
2019,Turkey,United States,2.15504886,
2020,Turkey,United States,1.260520275,-0.41508506
2021,Turkey,United States,1.792058944,0.421681966
2022,Turkey,United States,1.956687152,0.091865398
2022,Ukraine,Canada,8.968858131,
2022,Ukraine,Germany,4.859451862,
2020,Ukraine,Poland,1.914572864,
2021,Ukraine,Poland,1.856998993,-0.030071392
2022,Ukraine,Poland,3.740588893,1.01431929
2022,Ukraine,Spain,4.07606679,
2022,Ukraine,United Kingdom,6.13425345,
2020,Ukraine,United States,1.940789474,
2021,Ukraine,United States,2.10128388,0.082695423
2022,Ukraine,United States,3.932268371,0.871364649
2020,United Arab Emirates,Australia,2.476863753,
2021,United Arab Emirates,Australia,1.675550406,-0.323519348
2022,United Arab Emirates,Australia,1.988774556,0.186938065
2020,United Arab Emirates,Bahrain,0.901213172,
2021,United Arab Emirates,Bahrain,0.939477304,0.04245847
2022,United Arab Emirates,Bahrain,0.861818182,-0.082662052
2020,United Arab Emirates,Canada,3.446866485,
2021,United Arab Emirates,Canada,2.798857868,-0.187999338
2022,United Arab Emirates,Canada,2.729428173,-0.024806438
2019,United Arab Emirates,Egypt,0.596551724,
2020,United Arab Emirates,Egypt,0.807367433,0.353390495
2021,United Arab Emirates,Egypt,0.617729348,-0.234884487
2022,United Arab Emirates,Egypt,0.441238721,-0.285708664
2020,United Arab Emirates,France,1.184253247,
2021,United Arab Emirates,France,0.791602663,-0.331559643
2022,United Arab Emirates,France,0.664524422,-0.160532862
2020,United Arab Emirates,Germany,2.054313099,
2021,United Arab Emirates,Germany,1.60020555,-0.221050798
2022,United Arab Emirates,Germany,1.116504854,-0.302274102
2019,United Arab Emirates,India,1.502038967,
2020,United Arab Emirates,India,0.688987049,-0.541298818
2021,United Arab Emirates,India,0.557133407,-0.19137318
2022,United Arab Emirates,India,0.462848829,-0.169231601
2021,United Arab Emirates,Ireland,1.181318681,
2022,United Arab Emirates,Ireland,1.278135048,0.08195618
2020,United Arab Emirates,Italy,1.193321617,
2021,United Arab Emirates,Italy,0.851800554,-0.286193645
2022,United Arab Emirates,Italy,0.673056443,-0.20984268
2020,United Arab Emirates,Jordan,0.729054054,
2021,United Arab Emirates,Jordan,0.567911041,-0.221030269
2022,United Arab Emirates,Jordan,0.512770898,-0.097092923
2020,United Arab Emirates,Lebanon,0.249907851,
2021,United Arab Emirates,Lebanon,0.192846873,-0.228328074
2022,United Arab Emirates,Lebanon,0.27587729,0.430551016
2022,United Arab Emirates,Morocco,0.46274149,
2021,United Arab Emirates,Netherlands,1.381034483,
2022,United Arab Emirates,Netherlands,1.081081081,-0.217194723
2022,United Arab Emirates,Nigeria,0.585899514,
2019,United Arab Emirates,Pakistan,0.622140221,
2020,United Arab Emirates,Pakistan,0.751630621,0.208137001
2021,United Arab Emirates,Pakistan,0.759549155,0.010535139
2022,United Arab Emirates,Pakistan,0.399711796,-0.473751247
2019,United Arab Emirates,Philippines,1.259521701,
2020,United Arab Emirates,Philippines,1.286201022,0.021182105
2021,United Arab Emirates,Philippines,1.440636042,0.120070671
2022,United Arab Emirates,Philippines,0.751141056,-0.478604565
2020,United Arab Emirates,Qatar,0.948347107,
2021,United Arab Emirates,Qatar,0.991827957,0.045849088
2022,United Arab Emirates,Qatar,1.401648999,0.413197711
2019,United Arab Emirates,Saudi Arabia,1.13844086,
2020,United Arab Emirates,Saudi Arabia,0.957535677,-0.158906088
2021,United Arab Emirates,Saudi Arabia,1.007015786,0.051674428
2022,United Arab Emirates,Saudi Arabia,1.223509224,0.214985148
2020,United Arab Emirates,Singapore,0.949712644,
2021,United Arab Emirates,Singapore,0.579807692,-0.389491447
2022,United Arab Emirates,Singapore,0.700607903,0.208345305
2020,United Arab Emirates,South Africa,0.71809101,
2021,United Arab Emirates,South Africa,0.642458101,-0.105324964
2022,United Arab Emirates,South Africa,0.37398374,-0.417886179
2020,United Arab Emirates,Spain,1.31294964,
2021,United Arab Emirates,Spain,0.905071521,-0.310657855
2022,United Arab Emirates,Spain,0.670009116,-0.25971694
2020,United Arab Emirates,Sri Lanka,0.956006768,
2021,United Arab Emirates,Sri Lanka,0.603333333,-0.368902655
2022,United Arab Emirates,Sri Lanka,0.214005989,-0.64529394
2022,United Arab Emirates,Switzerland,0.823240589,
2020,United Arab Emirates,Turkey,1.059392265,
2021,United Arab Emirates,Turkey,0.752372735,-0.289807223
2022,United Arab Emirates,Turkey,0.495541401,-0.34136183
2019,United Arab Emirates,United Kingdom,1.506643047,
2020,United Arab Emirates,United Kingdom,1.351167114,-0.103193608
2021,United Arab Emirates,United Kingdom,1.198643411,-0.11288293
2022,United Arab Emirates,United Kingdom,1.177913314,-0.017294632
2019,United Arab Emirates,United States,3.559770115,
2020,United Arab Emirates,United States,1.160119209,-0.674102773
2021,United Arab Emirates,United States,1.347127556,0.161197527
2022,United Arab Emirates,United States,1.286178862,-0.045243447
2019,United Kingdom,Australia,1.808704997,
2020,United Kingdom,Australia,1.195848375,-0.338837247
2021,United Kingdom,Australia,1.413971094,0.182399979
2022,United Kingdom,Australia,1.288018733,-0.089077041
2020,United Kingdom,Austria,1.68694362,
2021,United Kingdom,Austria,1.537437604,-0.088625378
2022,United Kingdom,Austria,1.234708393,-0.196905039
2019,United Kingdom,Belgium,1.431263858,
2020,United Kingdom,Belgium,1.210376283,-0.154330436
2021,United Kingdom,Belgium,1.223611111,0.010934474
2022,United Kingdom,Belgium,1.062588905,-0.131595901
2020,United Kingdom,Brazil,0.500625391,
2021,United Kingdom,Brazil,0.582524272,0.163593143
2022,United Kingdom,Brazil,0.572256196,-0.017626864
2019,United Kingdom,Canada,1.461887477,
2020,United Kingdom,Canada,1.221382063,-0.16451705
2021,United Kingdom,Canada,1.039145907,-0.149204873
2022,United Kingdom,Canada,1.100415387,0.058961383
2019,United Kingdom,China,0.516067146,
2020,United Kingdom,China,1.233484163,1.390162156
2021,United Kingdom,China,0.741866029,-0.398560556
2022,United Kingdom,China,0.534050921,-0.280124847
2020,United Kingdom,Cyprus,1.995756719,
2021,United Kingdom,Cyprus,1.637608966,-0.179454614
2022,United Kingdom,Cyprus,1.260259179,-0.230427284
2019,United Kingdom,Denmark,1.547033285,
2020,United Kingdom,Denmark,1.51529052,-0.020518476
2021,United Kingdom,Denmark,1.647619048,0.087328816
2022,United Kingdom,Denmark,1.310621242,-0.20453624
2020,United Kingdom,Egypt,0.753387534,
2021,United Kingdom,Egypt,0.612426036,-0.187103572
2022,United Kingdom,Egypt,0.5184,-0.153530435
2020,United Kingdom,Finland,1.711571675,
2022,United Kingdom,Finland,1.218074656,
2019,United Kingdom,France,1.533118675,
2020,United Kingdom,France,1.264610897,-0.175138287
2021,United Kingdom,France,1.371387659,0.084434479
2022,United Kingdom,France,1.028080158,-0.250335854
2019,United Kingdom,Germany,1.882797111,
2020,United Kingdom,Germany,1.580408163,-0.160606231
2021,United Kingdom,Germany,1.43057554,-0.094806283
2022,United Kingdom,Germany,1.053138642,-0.263835699
2020,United Kingdom,Greece,0.989711934,
2021,United Kingdom,Greece,1.136011617,0.147820469
2022,United Kingdom,Greece,1.018998273,-0.103003651
2019,United Kingdom,India,0.654862801,
2020,United Kingdom,India,0.560038076,-0.144800903
2021,United Kingdom,India,0.323716758,-0.421973663
2022,United Kingdom,India,0.199104813,-0.384941286
2020,United Kingdom,Indonesia,1.135099338,
2021,United Kingdom,Indonesia,0.75,-0.339264877
2022,United Kingdom,Indonesia,0.599233716,-0.201021711
2019,United Kingdom,Ireland,0.945925362,
2020,United Kingdom,Ireland,1.240585774,0.311504929
2021,United Kingdom,Ireland,0.845284872,-0.318640525
2022,United Kingdom,Ireland,0.774479397,-0.083765222
2020,United Kingdom,Israel,1.187613843,
2021,United Kingdom,Israel,1.132550336,-0.046364825
2022,United Kingdom,Israel,1.048136646,-0.074534161
2019,United Kingdom,Italy,0.979117785,
2020,United Kingdom,Italy,1.060495911,0.083113724
2021,United Kingdom,Italy,1.274959379,0.202229416
2022,United Kingdom,Italy,1.028885038,-0.193005633
2020,United Kingdom,Japan,1.286235187,
2021,United Kingdom,Japan,0.916401274,-0.287532107
2022,United Kingdom,Japan,1.019970414,0.113017237
2020,United Kingdom,Kenya,0.913851351,
2021,United Kingdom,Kenya,0.647268409,-0.291713682
2022,United Kingdom,Kenya,0.531309298,-0.179151507
2019,United Kingdom,Malaysia,1.064516129,
2020,United Kingdom,Malaysia,1.759640103,0.652995248
2021,United Kingdom,Malaysia,0.96421371,-0.45203925
2022,United Kingdom,Malaysia,0.557625146,-0.421678887
2020,United Kingdom,Mexico,0.874141876,
2021,United Kingdom,Mexico,0.769495413,-0.119713363
2022,United Kingdom,Mexico,0.649756098,-0.155607575
2020,United Kingdom,Netherlands,1.543855176,
2021,United Kingdom,Netherlands,1.359408034,-0.11947179
2022,United Kingdom,Netherlands,1.172956761,-0.137156224
2019,United Kingdom,New Zealand,1.298497268,
2020,United Kingdom,New Zealand,1.808268969,0.392585886
2021,United Kingdom,New Zealand,2.231501832,0.234054154
2022,United Kingdom,New Zealand,0.780047133,-0.650438498
2019,United Kingdom,Nigeria,0.668849392,
2020,United Kingdom,Nigeria,0.688423989,0.029266076
2021,United Kingdom,Nigeria,0.300157978,-0.563992565
2022,United Kingdom,Nigeria,0.227348469,-0.242570627
2020,United Kingdom,Norway,1.795375723,
2021,United Kingdom,Norway,1.701822917,-0.052107648
2022,United Kingdom,Norway,1.205508475,-0.291636948
2020,United Kingdom,Pakistan,0.442368839,
2021,United Kingdom,Pakistan,0.294552365,-0.334147574
2022,United Kingdom,Pakistan,0.233756627,-0.206400441
2022,United Kingdom,Philippines,0.330439501,
2019,United Kingdom,Poland,1.49533437,
2020,United Kingdom,Poland,1.364216054,-0.087684948
2021,United Kingdom,Poland,1.529155788,0.120904407
2022,United Kingdom,Poland,1.000661157,-0.345612027
2020,United Kingdom,Portugal,0.986476868,
2021,United Kingdom,Portugal,1.160369437,0.176276378
2022,United Kingdom,Portugal,1.113995943,-0.039964422
2020,United Kingdom,Qatar,0.658767773,
2021,United Kingdom,Qatar,0.725680934,0.101573216
2022,United Kingdom,Qatar,0.734361611,0.011962113
2020,United Kingdom,Romania,0.680818802,
2021,United Kingdom,Romania,0.917501192,0.347643733
2022,United Kingdom,Romania,0.863157895,-0.059229675
2020,United Kingdom,Saudi Arabia,1.237174721,
2021,United Kingdom,Saudi Arabia,1.007773459,-0.185423496
2022,United Kingdom,Saudi Arabia,0.964381122,-0.04305763
2019,United Kingdom,Singapore,0.959016393,
2020,United Kingdom,Singapore,0.928705441,-0.031606292
2021,United Kingdom,Singapore,0.632578077,-0.318860373
2022,United Kingdom,Singapore,0.72986191,0.153789448
2019,United Kingdom,South Africa,0.659783677,
2020,United Kingdom,South Africa,0.449808795,-0.31824807
2021,United Kingdom,South Africa,0.505459432,0.123720651
2022,United Kingdom,South Africa,0.407749077,-0.193309984
2019,United Kingdom,Spain,1.570828331,
2020,United Kingdom,Spain,1.241992512,-0.209339119
2021,United Kingdom,Spain,1.458333333,0.174188507
2022,United Kingdom,Spain,1.186934389,-0.186102133
2019,United Kingdom,Sweden,0.791066282,
2020,United Kingdom,Sweden,1.514868805,0.914970766
2021,United Kingdom,Sweden,1.482220836,-0.021551681
2022,United Kingdom,Sweden,1.121686747,-0.243239118
2019,United Kingdom,Switzerland,1.927729772,
2020,United Kingdom,Switzerland,1.711232025,-0.112307104
2021,United Kingdom,Switzerland,1.542033627,-0.098875194
2022,United Kingdom,Switzerland,1.299079755,-0.157554199
2019,United Kingdom,Thailand,1.474480151,
2020,United Kingdom,Thailand,1.330761813,-0.097470514
2021,United Kingdom,Thailand,1.055238095,-0.207042098
2022,United Kingdom,Thailand,0.827658096,-0.215666967
2019,United Kingdom,Turkey,0.328653146,
2020,United Kingdom,Turkey,0.432497979,0.315970908
2021,United Kingdom,Turkey,0.358950969,-0.170051684
2022,United Kingdom,Turkey,0.406779661,0.133245752
2022,United Kingdom,Ukraine,0.163019022,
2019,United Kingdom,United Arab Emirates,0.663727219,
2020,United Kingdom,United Arab Emirates,0.740100902,0.115067878
2021,United Kingdom,United Arab Emirates,0.834276475,0.127246938
2022,United Kingdom,United Arab Emirates,0.848958907,0.017599
2019,United Kingdom,United States,1.472616814,
2020,United Kingdom,United States,0.882743363,-0.400561399
2021,United Kingdom,United States,0.892067803,0.010563025
2022,United Kingdom,United States,1.045915481,0.172461866
2019,United States,Argentina,0.56277884,
2020,United States,Argentina,0.682834047,0.213325729
2021,United States,Argentina,0.460498648,-0.325606785
2022,United States,Argentina,0.609010271,0.322501756
2019,United States,Australia,0.997113164,
2020,United States,Australia,1.171634121,0.175026229
2021,United States,Australia,0.903789637,-0.228607617
2022,United States,Australia,0.964772898,0.067475061
2019,United States,Austria,1.085899514,
2020,United States,Austria,1.756272401,0.617343391
2021,United States,Austria,1.271056662,-0.276275901
2022,United States,Austria,1.021634615,-0.196232044
2020,United States,Bangladesh,0.718936268,
2021,United States,Bangladesh,0.403733333,-0.438429592
2022,United States,Bangladesh,0.209042355,-0.482226664
2019,United States,Belgium,0.934618609,
2020,United States,Belgium,1.253218884,0.340888008
2021,United States,Belgium,1.007188498,-0.196318767
2022,United States,Belgium,0.838686652,-0.167299216
2019,United States,Brazil,0.304094851,
2020,United States,Brazil,1.095470837,2.602398505
2021,United States,Brazil,1.038206945,-0.052273316
2022,United States,Brazil,0.622097798,-0.400795958
2019,United States,Canada,0.702705869,
2020,United States,Canada,1.130633675,0.608971442
2021,United States,Canada,0.962980918,-0.148282119
2022,United States,Canada,0.747648417,-0.223610351
2019,United States,Chile,0.557768924,
2020,United States,Chile,0.927402135,0.662699542
2021,United States,Chile,0.507860886,-0.452383312
2022,United States,Chile,0.539574126,0.062444738
2019,United States,China,0.275060082,
2020,United States,China,1.227831348,3.463865997
2021,United States,China,0.958614052,-0.219262439
2022,United States,China,1.083279812,0.130047916
2019,United States,Colombia,0.297481481,
2020,United States,Colombia,0.793932039,1.66884525
2021,United States,Colombia,0.51443151,-0.352045912
2022,United States,Colombia,0.46087963,-0.104099145
2020,United States,Costa Rica,0.857421875,
2021,United States,Costa Rica,0.764801298,-0.108022177
2022,United States,Costa Rica,0.687662338,-0.10086144
2019,United States,Denmark,1.072449952,
2020,United States,Denmark,1.571895425,0.465705156
2021,United States,Denmark,1.78125,0.133186071
2022,United States,Denmark,1.009724473,-0.433137138
2020,United States,Ecuador,0.850334448,
2021,United States,Ecuador,0.567307692,-0.332841691
2022,United States,Ecuador,0.501988072,-0.11513967
2020,United States,Egypt,0.846852693,
2021,United States,Egypt,0.757995736,-0.104926108
2022,United States,Egypt,0.6030837,-0.204370589
2019,United States,Finland,0.902017291,
2020,United States,Finland,1.293823038,0.434366116
2021,United States,Finland,1.272908367,-0.016165017
2022,United States,Finland,0.918032787,-0.278791144
2019,United States,France,0.985433461,
2020,United States,France,1.289309955,0.308368354
2021,United States,France,1.201603849,-0.068025617
2022,United States,France,0.793080869,-0.339981418
2019,United States,Germany,1.109992896,
2020,United States,Germany,1.411502291,0.271631824
2021,United States,Germany,1.134311121,-0.196380248
2022,United States,Germany,0.910273665,-0.197509706
2020,United States,Ghana,0.644230769,
2021,United States,Ghana,0.463152232,-0.281077132
2022,United States,Ghana,0.430135786,-0.07128638
2020,United States,Greece,1.10516934,
2021,United States,Greece,0.922094508,-0.165653195
2022,United States,Greece,0.765607886,-0.169707791
2019,United States,India,0.725535228,
2020,United States,India,0.972827834,0.340841624
2021,United States,India,0.573708311,-0.410267377
2022,United States,India,0.371162074,-0.353047416
2019,United States,Indonesia,2.093049327,
2020,United States,Indonesia,2.378356387,0.136311675
2021,United States,Indonesia,1.540317834,-0.352360377
2022,United States,Indonesia,0.904800651,-0.412588343
2019,United States,Ireland,0.41453246,
2020,United States,Ireland,1.356269113,2.271804369
2021,United States,Ireland,1.061064973,-0.217658971
2022,United States,Ireland,1.21601154,0.146029292
2019,United States,Israel,0.470916705,
2020,United States,Israel,1.240954274,1.635188474
2021,United States,Israel,1.11878655,-0.098446596
2022,United States,Israel,0.886904762,-0.207261866
2019,United States,Italy,0.937156096,
2020,United States,Italy,1.238292011,0.321329516
2021,United States,Italy,1.037922506,-0.161811191
2022,United States,Italy,0.831362153,-0.199013271
2022,United States,Jamaica,0.398856326,
2019,United States,Japan,0.370727432,
2020,United States,Japan,1.244771958,2.35764729
2021,United States,Japan,1.075604647,-0.135902251
2022,United States,Japan,1.010985239,-0.060077286
2022,United States,Jordan,0.434562545,
2020,United States,Kenya,1.289533995,
2021,United States,Kenya,0.935820077,-0.274295924
2022,United States,Kenya,0.71340929,-0.237664047
2022,United States,Lebanon,0.375502008,
2019,United States,Malaysia,0.923243243,
2020,United States,Malaysia,1.769762846,0.916897696
2021,United States,Malaysia,1.110249785,-0.37265618
2022,United States,Malaysia,0.76230661,-0.313391796
2019,United States,Mexico,0.564781906,
2020,United States,Mexico,0.734253398,0.300065371
2021,United States,Mexico,0.547264895,-0.254664812
2022,United States,Mexico,0.474318059,-0.133293469
2021,United States,Morocco,0.550595238,
2022,United States,Morocco,0.469565217,-0.147168038
2020,United States,Netherlands,1.536733917,
2021,United States,Netherlands,1.293511843,-0.15827208
2022,United States,Netherlands,1.043717277,-0.193113474
2019,United States,New Zealand,1.06952381,
2020,United States,New Zealand,1.501261564,0.403672879
2021,United States,New Zealand,1.051890941,-0.299328667
2022,United States,New Zealand,0.895931142,-0.14826613
2019,United States,Nigeria,0.285015291,
2020,United States,Nigeria,0.510574584,0.791393657
2021,United States,Nigeria,0.354853072,-0.304992682
2022,United States,Nigeria,0.498491408,0.404782561
2019,United States,Norway,1.308695652,
2020,United States,Norway,1.65470852,0.264395215
2021,United States,Norway,1.540447504,-0.06905205
2022,United States,Norway,1.007650273,-0.345871722
2020,United States,Pakistan,0.523931405,
2021,United States,Pakistan,0.4527047,-0.135946623
2022,United States,Pakistan,0.442381373,-0.022803666
2020,United States,Panama,0.691384951,
2021,United States,Panama,0.496316759,-0.282141218
2022,United States,Panama,0.541876047,0.091794781
2020,United States,Peru,0.755893536,
2021,United States,Peru,0.443989071,-0.412630152
2022,United States,Peru,0.656910569,0.479564728
2019,United States,Philippines,0.423465947,
2020,United States,Philippines,0.540653231,0.276733666
2021,United States,Philippines,0.488641174,-0.09620225
2022,United States,Philippines,0.485696957,-0.006025314
2019,United States,Poland,0.68317757,
2020,United States,Poland,1.031951641,0.51051745
2021,United States,Poland,0.941700405,-0.087456846
2022,United States,Poland,0.530783582,-0.436356213
2020,United States,Portugal,1.809073724,
2021,United States,Portugal,1.487309645,-0.177861231
2022,United States,Portugal,1.297628156,-0.127533288
2019,United States,Puerto Rico,0.721056529,
2020,United States,Puerto Rico,0.757129278,0.050027629
2021,United States,Puerto Rico,0.674244604,-0.109472287
2022,United States,Puerto Rico,0.623510723,-0.075245514
2020,United States,Qatar,0.893465909,
2021,United States,Qatar,0.631868132,-0.292789881
2022,United States,Qatar,0.724637681,0.146817895
2020,United States,Romania,0.901134522,
2021,United States,Romania,0.81141046,-0.099567889
2022,United States,Romania,0.663811563,-0.181904109
2019,United States,Saudi Arabia,1.911124922,
2020,United States,Saudi Arabia,3.26827012,0.710128983
2021,United States,Saudi Arabia,2.098540146,-0.357904926
2022,United States,Saudi Arabia,1.464412238,-0.302175733
2019,United States,Singapore,0.3792,
2020,United States,Singapore,0.980201036,1.584918343
2021,United States,Singapore,0.751118846,-0.233709393
2022,United States,Singapore,0.779085258,0.037233004
2019,United States,South Africa,1.887896825,
2020,United States,South Africa,1.706639004,-0.096010449
2021,United States,South Africa,1.736382323,0.017428008
2022,United States,South Africa,0.962765957,-0.445533426
2019,United States,Spain,1.122869766,
2020,United States,Spain,1.272820303,0.133542233
2021,United States,Spain,1.105983255,-0.131076671
2022,United States,Spain,0.92335295,-0.165129359
2019,United States,Sweden,0.499593826,
2020,United States,Sweden,1.577247191,2.157059012
2021,United States,Sweden,1.574980575,-0.001437071
2022,United States,Sweden,0.926715177,-0.411602155
2019,United States,Switzerland,0.968737312,
2020,United States,Switzerland,1.441125541,0.487632945
2021,United States,Switzerland,1.295875421,-0.10078936
2022,United States,Switzerland,0.990767045,-0.235445762
2019,United States,Thailand,0.81888654,
2020,United States,Thailand,1.044029353,0.274937738
2021,United States,Thailand,0.813453929,-0.220851477
2022,United States,Thailand,0.583075734,-0.283209886
2019,United States,Turkey,0.464026602,
2020,United States,Turkey,0.793323217,0.709650294
2021,United States,Turkey,0.55801736,-0.296607804
2022,United States,Turkey,0.511067903,-0.084136193
2020,United States,Ukraine,0.515254237,
2021,United States,Ukraine,0.475899525,-0.076379212
2022,United States,Ukraine,0.254306142,-0.465630602
2019,United States,United Arab Emirates,0.280917016,
2020,United States,United Arab Emirates,0.861980383,2.068452007
2021,United States,United Arab Emirates,0.742320202,-0.138820074
2022,United States,United Arab Emirates,0.777496839,0.047387417
2019,United States,United Kingdom,0.679063277,
2020,United States,United Kingdom,1.13283208,0.668227569
2021,United States,United Kingdom,1.120991024,-0.010452614
2022,United States,United Kingdom,0.9561002,-0.147093795
2020,United States,Venezuela,0.150688705,
2021,United States,Venezuela,0.260683761,0.729948905
2022,United States,Venezuela,0.592829251,1.274131881
2021,Uruguay,Argentina,0.579569892,
2022,Uruguay,Argentina,0.685314685,0.18245391
2022,Venezuela,Argentina,1.899310345,
2022,Venezuela,Chile,2.780604134,
2021,Venezuela,Colombia,3.04539559,
2022,Venezuela,Colombia,1.115631692,-0.633666084
2022,Venezuela,Peru,1.08499336,
2021,Venezuela,Spain,5.675889328,
2022,Venezuela,Spain,3.864795918,-0.319085399
2020,Venezuela,United States,6.636197441,
2021,Venezuela,United States,3.836065574,-0.421948245
2022,Venezuela,United States,1.686826347,-0.560271764
